Name,%GC,Common Name,Description,Imported From: Filename,Sequence Length,Size,collection_date,country,isolate,isolation_source,lab_host,serotype,strain
AJ004645,55.5%,FMDV-O,"Foot-and-mouth disease virus, isolate O3/Venezuela/51, VP3/VP1",VP1.gb,1009,6 KB,1951-07-15,Venezuela,O3/Venezuela/51,,,,
JQ082960,55.9%,FMDV-A,"Foot-and-mouth disease virus - type A isolate A24/Cruzeiro/Bra/55-PANAFTOSA VP1 gene, partial cds",VP1.gb,639,9 KB,1955-07-15,Brazil,A24/Cruzeiro/Bra/55-PANAFTOSA,,,A,
AJ306222,54.3%,FMDV-A,"Foot-and-mouth disease virus A 1D gene for VP1 protein, strain A Castellanos/Arg/87, genomic RNA",VP1.gb,639,9 KB,1955-07-15,Argentina,Castellanos,,,,Castellanos/Arg/87
JQ082955,57.6%,FMDV-A,"Foot-and-mouth disease virus - type A isolate A13/Brasil/58 VP1 gene, partial cds",VP1.gb,639,8 KB,1958-07-15,Brazil,A13/Brasil/58,,,A,
JQ082961,56.5%,FMDV-A,"Foot-and-mouth disease virus - type A isolate A25/Argentina/59 VP1 gene, partial cds",VP1.gb,639,8 KB,1959-07-15,Argentina,A25/Argentina/59,,,A,
JQ082956,55.7%,FMDV-A,"Foot-and-mouth disease virus - type A isolate A16/Belem/Bra/59 VP1 gene, partial cds",VP1.gb,639,8 KB,1959-07-15,Brazil,A16/Belem/Bra/59,,,A,
JQ082957,57.6%,FMDV-A,"Foot-and-mouth disease virus - type A isolate A17/Guarulhos/Bra/59 VP1 gene, partial cds",VP1.gb,639,8 KB,1959-07-15,Brazil,A17/Guarulhos/Bra/59,,,A,
JQ082958,55.3%,FMDV-A,"Foot-and-mouth disease virus - type A isolate A18/Zulia/Ven/62 VP1 gene, partial cds",VP1.gb,636,8 KB,1962-07-15,Venezuela,A18/Zulia/Ven/62,,,A,
JQ082959,55.8%,FMDV-A,"Foot-and-mouth disease virus - type A isolate A19/Suipacha/Arg/62 VP1 gene, partial cds",VP1.gb,636,8 KB,1962-07-15,Argentina,A19/Suipacha/Arg/62,,,A,
JQ082962,55.2%,FMDV-A,"Foot-and-mouth disease virus - type A isolate A26/Argentina/66 VP1 gene, partial cds",VP1.gb,639,8 KB,1966-07-15,Argentina,A26/Argentina/66,,,A,
JQ082963,55.2%,FMDV-A,"Foot-and-mouth disease virus - type A isolate A27/Colombia/67 VP1 gene, partial cds",VP1.gb,636,8 KB,1967-07-15,Colombia,A27/Colombia/67,,,A,
AJ308694,56.1%,FMDV-A,"Foot-and-mouth disease virus A partial 1D gene for VP1 protein, genomic RNA, strain A/Arg/68",VP1.gb,639,8 KB,1968-07-15,Argentina,,,,,A Arg/68
JQ082964,56.8%,FMDV-A,"Foot-and-mouth disease virus - type A isolate A29/Peru/69 VP1 gene, partial cds",VP1.gb,639,8 KB,1969-07-15,Peru,A29/Peru/69,,,A,
JQ082965,55.2%,FMDV-A,"Foot-and-mouth disease virus - type A isolate A32/Venezuela/70 VP1 gene, partial cds",VP1.gb,639,8 KB,1970-07-15,Venezuela,A32/Venezuela/70,,,A,
JQ082966,54.2%,FMDV-A,"Foot-and-mouth disease virus - type A isolate A24/Bra/70 VP1 gene, partial cds",VP1.gb,639,8 KB,1970-07-15,Brazil,A24/Bra/70,,,A,
EU553882,55.2%,FMDV-A,"Foot-and-mouth disease virus - type A isolate A32/VEN/1/70 VP1 protein (1D) gene, partial cds",VP1.gb,639,9 KB,1970-07-15,Venezuela,A32/VEN/1/70,cell-culture supernatants,,A,
APHVP1OC,54.0%,FMDV-O,"Foot & mouth disease virus capsid protein VP1, serotype O1Campos/ Brazil/71",VP1.gb,668,4 KB,1971-07-15,Brazil,,,,,
AJ306220,54.5%,FMDV-A,"Foot-and-mouth disease virus A 1D gene for VP1 protein, strain A 25 de Mayo/Arg/87, genomic RNA",VP1.gb,639,9 KB,1971-07-15,Argentina,25 de Mayo,,,,25 de Mayo/Arg/87
AJ308695,56.0%,FMDV-A,"Foot-and-mouth disease virus A partial 1D gene for VP1 protein, genomic RNA, strain A24/Bahia Blanca/Arg/71",VP1.gb,639,8 KB,1971-07-15,Argentina,Bahia Blanca,,,,A24 Bahia Blanca/Arg/71
JQ082967,57.4%,FMDV-A,"Foot-and-mouth disease virus - type A isolate A/Ecuador/75 VP1 gene, partial cds",VP1.gb,636,8 KB,1975-07-15,Ecuador,A/Ecuador/75,,,A,
JQ082968,54.8%,FMDV-A,"Foot-and-mouth disease virus - type A isolate A/San Martin/Per/75 VP1 gene, partial cds",VP1.gb,639,8 KB,1975-07-15,Peru,A/San Martin/Per/75,,,A,
AJ409219,54.0%,FMDV-A,"Foot-and-mouth disease virus A mRNA for VP1 protein (1D gene), strain A76/Argentina/76",VP1.gb,639,8 KB,1976-07-15,Argentina,,,,,A76/Argentina/76
EU553851,56.3%,FMDV-A,"Foot-and-mouth disease virus - type A isolate A79/Cacapava/BRA/76 VP1 protein (1D) gene, partial cds",VP1.gb,639,9 KB,1976-07-15,Brazil,A79/Cacapava/BRA/76; A/BRA/2/77,cell-culture supernatants,,A,
JQ082969,56.5%,FMDV-A,"Foot-and-mouth disease virus - type A isolate A79/Bage/Bra/76 VP1 gene, partial cds",VP1.gb,639,8 KB,1976-07-15,Brazil,A79/Bage/Bra/76,,,A,
JQ082970,56.7%,FMDV-A,"Foot-and-mouth disease virus - type A isolate A79/Cacapava/Bra/76 VP1 gene, partial cds",VP1.gb,639,8 KB,1976-07-15,Brazil,A79/Cacapava/Bra/76,,,A,
JQ082971,56.2%,FMDV-A,"Foot-and-mouth disease virus - type A isolate A79/Pedregulho/Bra/76 VP1 gene, partial cds",VP1.gb,639,8 KB,1976-07-15,Brazil,A79/Pedregulho/Bra/76,,,A,
JQ082972,56.4%,FMDV-A,"Foot-and-mouth disease virus - type A isolate A27/Cundinamarca/Col/76 VP1 gene, partial cds",VP1.gb,636,8 KB,1976-07-15,Colombia,A27/Cundinamarca/Col/76,,,A,
APHA76,54.6%,FMDV-A,"Foot and mouth disease virus (serotype Aven76), capsid protein VP1 mRNA",VP1.gb,639,6 KB,1976-07-15,Venezuela,,,,,
AJ308705,54.5%,FMDV-O,"Foot-and-mouth disease virus O partial 1D gene for VP1 protein, genomic RNA, strain O1/Arg/77",VP1.gb,639,7 KB,1977-07-15,Argentina,,,,,O1/Arg/77
JQ082973,54.3%,FMDV-A,"Foot-and-mouth disease virus - type A isolate A/Ecuador/79 VP1 gene, partial cds",VP1.gb,639,8 KB,1979-07-15,Ecuador,A/Ecuador/79,,,A,
APHA79,56.0%,FMDV-A,"Foot and mouth disease virus (serotype Aarg79), capsid protein VP1 mRNA",VP1.gb,639,6 KB,1979-07-15,Venezuela,,,,,
KF112899,55.4%,FMDV-A,"Foot-and-mouth disease virus - type A isolate A/Alem/ARG/81 capsid protein gene, partial cds",VP1.gb,2205,10 KB,1981-07-15,Argentina,A/Alem/ARG/81,,,A,
JQ082974,54.9%,FMDV-A,"Foot-and-mouth disease virus - type A isolate A/RS/Bra/81 VP1 gene, partial cds",VP1.gb,639,8 KB,1981-07-15,Brazil,A/RS/Bra/81,,,A,
AJ306219,56.2%,FMDV-A,"Foot-and-mouth disease virus A 1D gene for VP1 protein, strain A Alem/Arg/81, genomic RNA",VP1.gb,639,9 KB,1981-07-15,Argentina,Alem,,,,Alem/Arg/81
DQ789075,54.3%,FMDV-O,"Foot-and-mouth disease virus - type O isolate O/Irigoyen/Arg/83 VP1 protein (1D) gene, partial cds",VP1.gb,639,9 KB,1983-07-15,Argentina,O/Irigoyen/Arg/83,whole cell/tissue lysate,,O,
AJ308706,54.1%,FMDV-O,"Foot-and-mouth disease virus O partial 1D gene for VP1 protein, genomic RNA, strain O1/Lujan/Arg/83",VP1.gb,639,8 KB,1983-07-15,Argentina,Lujan,,,,O1/Lujan/Arg/83
JQ082975,55.7%,FMDV-A,"Foot-and-mouth disease virus - type A isolate A/SaoCarlos/Bra/84 VP1 gene, partial cds",VP1.gb,639,8 KB,1984-07-15,Brazil,A/SaoCarlos/Bra/84,,,A,
JQ082976,56.4%,FMDV-A,"Foot-and-mouth disease virus - type A isolate A/Colombia/84 VP1 gene, partial cds",VP1.gb,636,8 KB,1984-07-15,Colombia,A/Colombia/84,,,A,
JQ082977,55.6%,FMDV-A,"Foot-and-mouth disease virus - type A isolate A/Sabana/Col/85 VP1 gene, partial cds",VP1.gb,639,8 KB,1985-07-15,Colombia,A/Sabana/Col/85,,,A,
AJ306221,54.6%,FMDV-A,"Foot-and-mouth disease virus A 1D gene for VP1 protein, strain A Utracan/Arg/87, genomic RNA",VP1.gb,639,9 KB,1987-07-15,Argentina,Utracan,,,,Utracan/Arg/87
JQ082978,57.0%,FMDV-A,"Foot-and-mouth disease virus - type A isolate A/Venezuela/89 VP1 gene, partial cds",VP1.gb,639,8 KB,1989-07-15,Venezuela,A/Venezuela/89,,,A,
AJ308698,53.6%,FMDV-A,"Foot-and-mouth disease virus A partial 1D gene for VP1 protein, genomic RNA, strain A/San Ignacio/Arg/90",VP1.gb,639,8 KB,1990-07-15,Argentina,San Ignacio,,,,A/San Ignacio/Arg/90
KJ831663,55.1%,FMDV-O,"Foot-and-mouth disease virus - type O isolate O/BOL/17/1990 capsid protein gene, partial cds",VP1.gb,2202,10 KB,1990-07-15,Bolivia,O/BOL/17/1990,,,O,
AJ308696,53.8%,FMDV-A,"Foot-and-mouth disease virus A partial 1D gene for VP1 protein, genomic RNA, strain A/Ayacucho/Arg/90",VP1.gb,639,8 KB,1990-07-15,Argentina,Ayacucho,,,,A Ayacucho/Arg/90
AJ308707,54.5%,FMDV-O,"Foot-and-mouth disease virus O partial 1D gene for VP1 protein, genomic RNA, strain O1/Ayacucho/Arg/90",VP1.gb,639,8 KB,1990-07-15,Argentina,Ayacucho,,,,O1/Ayacucho/Arg/90
AJ308697,55.6%,FMDV-A,"Foot-and-mouth disease virus A partial 1D gene for VP1 protein, genomic RNA, strain A24/Cordoba/Arg/90",VP1.gb,639,8 KB,1990-07-15,Argentina,,,,,A24/Cordoba/Arg/90
AJ308699,55.8%,FMDV-A,"Foot-and-mouth disease virus A partial 1D gene for VP1 protein, genomic RNA, strain A/Rivadavia/Arg/91",VP1.gb,639,8 KB,1991-07-15,Argentina,Rivadavia,,,,A/Rivadavia/Arg/91
KJ831741,54.1%,FMDV-O,"Foot-and-mouth disease virus - type O isolate O/BRA/01/1992 capsid protein gene, partial cds",VP1.gb,2202,10 KB,1992-07-15,Brazil,O/BRA/01/1992,,,O,
AJ308708,56.0%,FMDV-O,"Foot-and-mouth disease virus O partial 1D gene for VP1 protein, genomic RNA, strain O1/Chapaleufu/Arg/92",VP1.gb,639,8 KB,1992-07-15,Argentina,Chapaleufu,,,,O1/Chapaleufu/Arg/92
AJ308702,53.3%,FMDV-A,"Foot-and-mouth disease virus A partial 1D gene for VP1 protein, genomic RNA, strain A/Pehuajo/Arg/92",VP1.gb,639,8 KB,1992-07-15,Argentina,Pehuajo,,,,A/Pehuajo/Arg/92
AJ308700,54.4%,FMDV-A,"Foot-and-mouth disease virus A partial 1D gene for VP1 protein, genomic RNA, strain A/Cordoba/Arg/92",VP1.gb,639,7 KB,1992-07-15,Argentina,,,,,A/Cordoba/Arg/92
AJ308701,56.3%,FMDV-A,"Foot-and-mouth disease virus A partial 1D gene for VP1 protein, genomic RNA, strain A/Corrrientes/Arg/92",VP1.gb,633,8 KB,1992-07-15,Argentina,,,,,A/Corrientes/Arg/92
KJ831730,55.8%,FMDV-O,"Foot-and-mouth disease virus - type O isolate PER/10/93 capsid protein gene, partial cds",VP1.gb,2202,10 KB,1993-07-15,Peru,PER/10/93,,,O,
KJ831731,55.7%,FMDV-O,"Foot-and-mouth disease virus - type O isolate PER/14/93 capsid protein gene, partial cds",VP1.gb,2202,10 KB,1993-07-15,Peru,PER/14/93,,,O,
AJ292205,54.6%,FMDV-O,"Foot-and-mouth disease virus O partial genomic RNA for VP1 protein, (1D protein), strain O Villarino/Arg/01/93",VP1.gb,639,8 KB,1993-07-15,Argentina,,,,,O Villarino/Arg/01/93
AJ292207,54.1%,FMDV-O,"Foot-and-mouth disease virus O partial genomic RNA for VP1 protein, (1D protein), strain O Villarino/Arg/03/93",VP1.gb,639,8 KB,1993-07-15,Argentina,,,,,O Villarino/Arg/03/93
AJ292208,54.8%,FMDV-O,"Foot-and-mouth disease virus O partial genomic RNS for VP1 protein, (1D protein), strain O Rivadavia/Arg/93",VP1.gb,639,8 KB,1993-07-15,Argentina,,,,,O Rivadavia/Arg/93
AJ292209,54.8%,FMDV-O,"Foot-and-mouth disease virus O partial genomic RNA for VP1 protein, (1D protein), strain O Gral. Pueyrredon/Arg/93",VP1.gb,639,8 KB,1993-07-15,Argentina,,,,,O Gral. Pueyrredon/Arg/93
KJ831736,54.2%,FMDV-O,"Foot-and-mouth disease virus - type O isolate BRA/4/94 capsid protein gene, partial cds",VP1.gb,2202,10 KB,1994-07-15,Brazil,BRA/4/94,,,O,
KJ831742,54.3%,FMDV-O,"Foot-and-mouth disease virus - type O isolate O/BRA/01/1994 capsid protein gene, partial cds",VP1.gb,2202,10 KB,1994-07-15,Brazil,O/BRA/01/1994,,,O,
KJ831743,54.2%,FMDV-O,"Foot-and-mouth disease virus - type O isolate O/BRA/02/1994 capsid protein gene, partial cds",VP1.gb,2202,10 KB,1994-07-15,Brazil,O/BRA/02/1994,,,O,
KJ831744,54.2%,FMDV-O,"Foot-and-mouth disease virus - type O isolate O/BRA/03/1994 capsid protein gene, partial cds",VP1.gb,2202,10 KB,1994-07-15,Brazil,O/BRA/03/1994,,,O,
KJ831745,54.3%,FMDV-O,"Foot-and-mouth disease virus - type O isolate O/BRA/05/1994 capsid protein gene, partial cds",VP1.gb,2202,10 KB,1994-07-15,Brazil,O/BRA/05/1994,,,O,
KJ831746,54.3%,FMDV-O,"Foot-and-mouth disease virus - type O isolate O/BRA/06/1994 capsid protein gene, partial cds",VP1.gb,2202,10 KB,1994-07-15,Brazil,O/BRA/06/1994,,,O,
KJ831747,54.3%,FMDV-O,"Foot-and-mouth disease virus - type O isolate O/BRA/08/1994 capsid protein gene, partial cds",VP1.gb,2202,10 KB,1994-07-15,Brazil,O/BRA/08/1994,,,O,
HQ695747,54.8%,FMDV-O,"Foot-and-mouth disease virus - type O isolate O/Cundinamarca/Col/94(a) VP1 gene, partial cds",VP1.gb,633,8 KB,1994-07-15,Colombia,O/Cundinamarca/Col/94(a),,,O,
HQ695748,54.8%,FMDV-O,"Foot-and-mouth disease virus - type O isolate O/Santander/Col/94 VP1 gene, partial cds",VP1.gb,633,8 KB,1994-07-15,Colombia,O/Santander/Col/94,,,O,
HQ695749,55.0%,FMDV-O,"Foot-and-mouth disease virus - type O isolate O/Boyaca/Col/94(a) VP1 gene, partial cds",VP1.gb,633,8 KB,1994-07-15,Colombia,O/Boyaca/Col/94(a),,,O,
HQ695750,55.1%,FMDV-O,"Foot-and-mouth disease virus - type O isolate O/Boyaca/Col/94(b) VP1 gene, partial cds",VP1.gb,633,8 KB,1994-07-15,Colombia,O/Boyaca/Col/94(b),,,O,
HQ695751,54.8%,FMDV-O,"Foot-and-mouth disease virus - type O isolate O/Boyaca/Col/94(c) VP1 gene, partial cds",VP1.gb,633,8 KB,1994-07-15,Colombia,O/Boyaca/Col/94(c),,,O,
HQ695752,55.0%,FMDV-O,"Foot-and-mouth disease virus - type O isolate O/Valle/Col/94 VP1 gene, partial cds",VP1.gb,633,8 KB,1994-07-15,Colombia,O/Valle/Col/94,,,O,
HQ695753,54.8%,FMDV-O,"Foot-and-mouth disease virus - type O isolate O/Boyaca/Col/94(d) VP1 gene, partial cds",VP1.gb,633,8 KB,1994-07-15,Colombia,O/Boyaca/Col/94(d),,,O,
HQ695754,54.8%,FMDV-O,"Foot-and-mouth disease virus - type O isolate O/Cundinamarca/Col/94(b) VP1 gene, partial cds",VP1.gb,633,8 KB,1994-07-15,Colombia,O/Cundinamarca/Col/94(b),,,O,
HQ695755,55.0%,FMDV-O,"Foot-and-mouth disease virus - type O isolate O/Cundinamarca/Col/94(c) VP1 gene, partial cds",VP1.gb,633,8 KB,1994-07-15,Colombia,O/Cundinamarca/Col/94(c),,,O,
HQ695756,54.7%,FMDV-O,"Foot-and-mouth disease virus - type O isolate O/Cundinamarca/Col/94(d) VP1 gene, partial cds",VP1.gb,633,8 KB,1994-07-15,Colombia,O/Cundinamarca/Col/94(d),,,O,
HQ695757,54.4%,FMDV-O,"Foot-and-mouth disease virus - type O isolate O/Cundinamarca/Col/94(e) VP1 gene, partial cds",VP1.gb,633,8 KB,1994-07-15,Colombia,O/Cundinamarca/Col/94(e),,,O,
HQ695758,54.8%,FMDV-O,"Foot-and-mouth disease virus - type O isolate O/Cauca/Col/94(a) VP1 gene, partial cds",VP1.gb,633,8 KB,1994-07-15,Colombia,O/Cauca/Col/94(a),,,O,
HQ695759,54.8%,FMDV-O,"Foot-and-mouth disease virus - type O isolate O/Cundinamarca/Col/94(f) VP1 gene, partial cds",VP1.gb,633,8 KB,1994-07-15,Colombia,O/Cundinamarca/Col/94(f),,,O,
HQ695760,54.8%,FMDV-O,"Foot-and-mouth disease virus - type O isolate O/Narino/Col/94 VP1 gene, partial cds",VP1.gb,633,8 KB,1994-07-15,Colombia,O/Narino/Col/94,,,O,
HQ695761,55.1%,FMDV-O,"Foot-and-mouth disease virus - type O isolate O/Cauca/Col/94(b) VP1 gene, partial cds",VP1.gb,633,8 KB,1994-07-15,Colombia,O/Cauca/Col/94(b),,,O,
HQ695762,56.1%,FMDV-O,"Foot-and-mouth disease virus - type O isolate O/Casanare/Col/94 VP1 gene, partial cds",VP1.gb,633,8 KB,1994-07-15,Colombia,O/Casanare/Col/94,,,O,
KJ831672,55.6%,FMDV-O,"Foot-and-mouth disease virus - type O isolate O/EQU/01/2010 capsid protein gene, partial cds",VP1.gb,2199,10 KB,1994-07-15,Ecuador,O/EQU/01/2010,,,O,
KJ831673,55.6%,FMDV-O,"Foot-and-mouth disease virus - type O isolate O/EQU/09/2010 capsid protein gene, partial cds",VP1.gb,2199,10 KB,1994-07-15,Ecuador,O/EQU/09/2010,,,O,
KJ831732,56.1%,FMDV-O,"Foot-and-mouth disease virus - type O isolate PER/5/94 capsid protein gene, partial cds",VP1.gb,2202,10 KB,1994-07-15,Peru,PER/5/94,,,O,
KJ831733,55.8%,FMDV-O,"Foot-and-mouth disease virus - type O isolate PER/6/94 capsid protein gene, partial cds",VP1.gb,2202,10 KB,1994-07-15,Peru,PER/6/94,,,O,
KJ831734,56.0%,FMDV-O,"Foot-and-mouth disease virus - type O isolate PER/7/94 capsid protein gene, partial cds",VP1.gb,2202,10 KB,1994-07-15,Peru,PER/7/94,,,O,
AJ292206,54.8%,FMDV-O,"Foot-and-mouth disease virus O partial genomic RNA for VP1 protein, (1D protein), strain O Gral. Conesa/Arg/94",VP1.gb,639,8 KB,1994-07-15,Argentina,,,,,O Gral. Conesa/Arg/94
AJ306212,54.6%,FMDV-O,"Foot-and-mouth disease virus O 1D gene for VP1 protein, strain O Rivadavia/Arg/94, genomic RNA",VP1.gb,639,8 KB,1994-07-15,Argentina,Rivadavia,,,,Rivadavia/Arg/94
KJ831748,55.0%,FMDV-O,"Foot-and-mouth disease virus - type O isolate O/BRA/01/1995 capsid protein gene, partial cds",VP1.gb,2202,10 KB,1995-07-15,Brazil,O/BRA/01/1995,,,O,
HQ695763,55.0%,FMDV-O,"Foot-and-mouth disease virus - type O isolate O/Cundinamarca/Col/95(a) VP1 gene, partial cds",VP1.gb,633,8 KB,1995-07-15,Colombia,O/Cundinamarca/Col/95(a),,,O,
HQ695764,54.5%,FMDV-O,"Foot-and-mouth disease virus - type O isolate O/Cundinamarca/Col/95(b) VP1 gene, partial cds",VP1.gb,633,8 KB,1995-07-15,Colombia,O/Cundinamarca/Col/95(b),,,O,
HQ695765,55.0%,FMDV-O,"Foot-and-mouth disease virus - type O isolate O/Cundinamarca/Col/95(c) VP1 gene, partial cds",VP1.gb,633,8 KB,1995-07-15,Colombia,O/Cundinamarca/Col/95(c),,,O,
HQ695766,55.3%,FMDV-O,"Foot-and-mouth disease virus - type O isolate O/Cundinamarca/Col/95(d) VP1 gene, partial cds",VP1.gb,633,8 KB,1995-07-15,Colombia,O/Cundinamarca/Col/95(d),,,O,
HQ695767,54.5%,FMDV-O,"Foot-and-mouth disease virus - type O isolate O/Cundinamarca/Col/95(e) VP1 gene, partial cds",VP1.gb,633,8 KB,1995-07-15,Colombia,O/Cundinamarca/Col/95(e),,,O,
HQ695768,54.5%,FMDV-O,"Foot-and-mouth disease virus - type O isolate O/Cundinamarca/Col/95(f) VP1 gene, partial cds",VP1.gb,633,8 KB,1995-07-15,Colombia,O/Cundinamarca/Col/95(f),,,O,
HQ695769,54.5%,FMDV-O,"Foot-and-mouth disease virus - type O isolate O/Cundinamarca/Col/95(g) VP1 gene, partial cds",VP1.gb,633,8 KB,1995-07-15,Colombia,O/Cundinamarca/Col/95(g),,,O,
JQ082982,55.5%,FMDV-A,"Foot-and-mouth disease virus - type A isolate A/RS/Bra/97 VP1 gene, partial cds",VP1.gb,636,8 KB,1997-07-15,Brazil,A/RS/Bra/97,,,A,
JQ082979,53.0%,FMDV-A,"Foot-and-mouth disease virus - type A isolate A/Antioquia/Col/97 VP1 gene, partial cds",VP1.gb,639,8 KB,1997-07-15,Colombia,A/Antioquia/Col/97,,,A,
JQ082980,53.8%,FMDV-A,"Foot-and-mouth disease virus - type A isolate A/Cordoba/Col/97 VP1 gene, partial cds",VP1.gb,639,8 KB,1997-07-15,Colombia,A/Cordoba/Col/97,,,A,
JQ082981,53.8%,FMDV-A,"Foot-and-mouth disease virus - type A isolate A/Cundinamarca/Col/97 VP1 gene, partial cds",VP1.gb,639,8 KB,1997-07-15,Colombia,A/Cundinamarca/Col/97,,,A,
HQ695770,55.1%,FMDV-O,"Foot-and-mouth disease virus - type O isolate O/Narino/Col/98(a) VP1 gene, partial cds",VP1.gb,633,8 KB,1998-07-15,Colombia,O/Narino/Col/98(a),,,O,
HQ695771,55.3%,FMDV-O,"Foot-and-mouth disease virus - type O isolate O/Cauca/Col/98 VP1 gene, partial cds",VP1.gb,633,8 KB,1998-07-15,Colombia,O/Cauca/Col/98,,,O,
HQ695772,55.0%,FMDV-O,"Foot-and-mouth disease virus - type O isolate O/Narino/Col/98(b) VP1 gene, partial cds",VP1.gb,633,8 KB,1998-07-15,Colombia,O/Narino/Col/98(b),,,O,
HQ695773,55.0%,FMDV-O,"Foot-and-mouth disease virus - type O isolate O/Narino/Col/98(c) VP1 gene, partial cds",VP1.gb,633,8 KB,1998-07-15,Colombia,O/Narino/Col/98(c),,,O,
DQ834704,55.7%,FMDV-O,"Foot-and-mouth disease virus - type O isolate O/MS/Bra/98 VP1 (1D) gene, partial cds",VP1.gb,639,9 KB,1998-07-15,Brazil,O/MS/Bra/98,,,O,
HQ695774,55.0%,FMDV-O,"Foot-and-mouth disease virus - type O isolate O/Narino/Col/99 VP1 gene, partial cds",VP1.gb,633,8 KB,1999-07-15,Colombia,O/Narino/Col/99,,,O,
JQ082931,54.1%,FMDV-A,"Foot-and-mouth disease virus - type A isolate A/Peru/99 VP1 gene, partial cds",VP1.gb,639,8 KB,1999-07-15,Peru,A/Peru/99,,,A,
HQ695737,57.0%,FMDV-O,"Foot-and-mouth disease virus - type O isolate O/Pando/Bol/00 VP1 gene, partial cds",VP1.gb,633,8 KB,2000-03-20,Bolivia,O/Pando/Bol/00,,,O,
HQ695744,55.5%,FMDV-O,"Foot-and-mouth disease virus - type O isolate O/La Paz/Bol/02(c) VP1 gene, partial cds",VP1.gb,633,8 KB,2000-05-07,Bolivia,O/La Paz/Bol/02(c),,,O,
JQ082915,56.8%,FMDV-A,"Foot-and-mouth disease virus - type A isolate A/Sta_Cruz/Bol/00 VP1 gene, partial cds",VP1.gb,636,8 KB,2000-05-30,Bolivia,A/Sta_Cruz/Bol/00,,,A,
HQ695806,55.3%,FMDV-O,"Foot-and-mouth disease virus - type O isolate O/Pichincha/Ecu/04 (050-04) VP1 gene, partial cds",VP1.gb,633,8 KB,2000-07-09,Ecuador,O/Pichincha/Ecu/04 (050-04),,,O,
AY593782,53.7%,FMDV-A,"Foot-and-mouth disease virus A isolate a argentina 2000 iso104, complete genome",VP1.gb,8200,18 KB,2000-07-15,Argentina,a argentina 2000 iso104,,,A,Aarg2000
KJ831738,55.2%,FMDV-O,"Foot-and-mouth disease virus - type O isolate ARG/02/2000 capsid protein gene, partial cds",VP1.gb,2202,10 KB,2000-07-15,Argentina,ARG/02/2000,,,O,
KJ831739,55.2%,FMDV-O,"Foot-and-mouth disease virus - type O isolate ARG/03/2000 capsid protein gene, partial cds",VP1.gb,2202,10 KB,2000-07-15,Argentina,ARG/03/2000,,,O,
HQ695775,54.2%,FMDV-O,"Foot-and-mouth disease virus - type O isolate O/Narino/Col/00(a) VP1 gene, partial cds",VP1.gb,633,8 KB,2000-07-15,Colombia,O/Narino/Col/00(a),,,O,
HQ695776,54.3%,FMDV-O,"Foot-and-mouth disease virus - type O isolate O/Narino/Col/00(b) VP1 gene, partial cds",VP1.gb,633,8 KB,2000-07-15,Colombia,O/Narino/Col/00(b),,,O,
HQ695777,56.9%,FMDV-O,"Foot-and-mouth disease virus - type O isolate O/Cundinamarca/Col/00 VP1 gene, partial cds",VP1.gb,633,8 KB,2000-07-15,Colombia,O/Cundinamarca/Col/00,,,O,
HQ695778,54.5%,FMDV-O,"Foot-and-mouth disease virus - type O isolate O/Narino/Col/00(c) VP1 gene, partial cds",VP1.gb,633,8 KB,2000-07-15,Colombia,O/Narino/Col/00(c),,,O,
HQ695779,54.7%,FMDV-O,"Foot-and-mouth disease virus - type O isolate O/Narino/Col/00(d) VP1 gene, partial cds",VP1.gb,633,8 KB,2000-07-15,Colombia,O/Narino/Col/00(d),,,O,
JQ082930,55.1%,FMDV-A,"Foot-and-mouth disease virus - type A isolate A/Peru/00 VP1 gene, partial cds",VP1.gb,639,8 KB,2000-07-15,Peru,A/Peru/00,,,A,
AM180025,55.2%,FMDV-O,"Foot-and-mouth disease virus - type O partial gene for polyprotein, VP1 region, isolate Mercedes00",VP1.gb,639,9 KB,2000-07-15,Argentina,Mercedes00,,,O,
DQ834708,54.7%,FMDV-O,"Foot-and-mouth disease virus - type O isolate O/Tarija/Bol/00 VP1 (1D) gene, partial cds",VP1.gb,639,9 KB,2000-07-15,Bolivia,O/Tarija/Bol/00,,,O,
DQ834706,55.1%,FMDV-O,"Foot-and-mouth disease virus - type O isolate O/RS/Bra/00 VP1 (1D) gene, partial cds",VP1.gb,639,9 KB,2000-07-15,Brazil,O/RS/Bra/00,,,O,
DQ834705,55.2%,FMDV-O,"Foot-and-mouth disease virus - type O isolate O/Argentina/00 VP1 (1D) gene, partial cds",VP1.gb,639,9 KB,2000-07-15,Argentina,O/Argentina/00,,,O,
DQ834707,53.8%,FMDV-O,"Foot-and-mouth disease virus - type O isolate O/Artigas/Uru/00 VP1 (1D) gene, partial cds",VP1.gb,639,9 KB,2000-07-15,Uruguay,O/Artigas/Uru/00,,,O,
JQ082906,55.7%,FMDV-A,"Foot-and-mouth disease virus - type A isolate A/Argentina/00 VP1 gene, partial cds",VP1.gb,639,8 KB,2000-08-15,Argentina,A/Argentina/00,,,A,
AM179990,55.7%,FMDV-A,"Foot-and-mouth disease virus - type A partial gene for polyprotein, VP1 region, isolate 9Julio800",VP1.gb,639,9 KB,2000-08-15,Argentina,9Julio800,,,A,
AM179989,55.7%,FMDV-A,"Foot-and-mouth disease virus - type A partial gene for polyprotein, VP1 region, isolate GVillegas00A",VP1.gb,639,9 KB,2000-08-15,Argentina,GVillegas00A,,,A,
AM179992,56.2%,FMDV-A,"Foot-and-mouth disease virus - type A partial gene for polyprotein, VP1 region, isolate GVillegas00B",VP1.gb,639,9 KB,2000-08-15,Argentina,GVillegas00B,,,A,
AM180026,55.5%,FMDV-O,"Foot-and-mouth disease virus - type O partial gene for polyprotein, VP1 region, isolate Bermejo00",VP1.gb,639,9 KB,2000-08-15,Argentina,Bermejo00,,,O,
AM179988,56.0%,FMDV-A,"Foot-and-mouth disease virus - type A partial gene for polyprotein, VP1 region, isolate Craik00",VP1.gb,639,9 KB,2000-08-15,Argentina,Craik00,,,A,
AM179991,55.8%,FMDV-A,"Foot-and-mouth disease virus - type A partial gene for polyprotein, VP1 region, isolate RSegundo00",VP1.gb,639,9 KB,2000-08-15,Argentina,RSegundo00,,,A,
AM179993,55.6%,FMDV-A,"Foot-and-mouth disease virus - type A partial gene for polyprotein, VP1 region, isolate Chapaleufu00",VP1.gb,639,9 KB,2000-08-15,Argentina,Chapaleufu00,,,A,
AM179995,55.8%,FMDV-A,"Foot-and-mouth disease virus - type A partial gene for polyprotein, VP1 region, isolate 9Julio900",VP1.gb,639,9 KB,2000-09-15,Argentina,9Julio900,,,A,
AM179996,56.1%,FMDV-A,"Foot-and-mouth disease virus - type A partial gene for polyprotein, VP1 region, isolate CTejedor00",VP1.gb,639,9 KB,2000-09-15,Argentina,CTejedor00,,,A,
AM179994,56.1%,FMDV-A,"Foot-and-mouth disease virus - type A partial gene for polyprotein, VP1 region, isolate SJusto00",VP1.gb,639,9 KB,2000-09-15,Argentina,SJusto00,,,A,
AM180027,55.4%,FMDV-O,"Foot-and-mouth disease virus - type O partial gene for polyprotein, VP1 region, isolate Clorinda00A",VP1.gb,639,9 KB,2000-09-15,Argentina,Clorinda00A,,,O,
AM180028,55.1%,FMDV-O,"Foot-and-mouth disease virus - type O partial gene for polyprotein, VP1 region, isolate Clorinda00B",VP1.gb,639,9 KB,2000-09-15,Argentina,Clorinda00B,,,O,
AM179998,55.3%,FMDV-A,"Foot-and-mouth disease virus - type A partial gene for polyprotein, VP1 region, isolate CPellegrini00",VP1.gb,639,9 KB,2000-10-15,Argentina,CPellegrini00,,,A,
AM179997,55.7%,FMDV-A,"Foot-and-mouth disease virus - type A partial gene for polyprotein, VP1 region, isolate 3Lomas00",VP1.gb,639,9 KB,2000-10-15,Argentina,3Lomas00,,,A,
AM180029,54.3%,FMDV-O,"Foot-and-mouth disease virus - type O partial gene for polyprotein, VP1 region, isolate Misiones00",VP1.gb,639,9 KB,2000-10-15,Argentina,Misiones00,,,O,
AM179999,55.6%,FMDV-A,"Foot-and-mouth disease virus - type A partial gene for polyprotein, VP1 region, isolate Maraco00",VP1.gb,639,9 KB,2000-11-15,Argentina,Maraco00,,,A,
HQ695738,55.3%,FMDV-O,"Foot-and-mouth disease virus - type O isolate O/Tarija/Bol/00(a) VP1 gene, partial cds",VP1.gb,633,8 KB,2000-11-16,Bolivia,O/Tarija/Bol/00(a),,,O,
JQ082937,57.2%,FMDV-A,"Foot-and-mouth disease virus - type A isolate A/Merida/Ven/03(a) VP1 gene, partial cds",VP1.gb,636,8 KB,2000-12-09,Venezuela,A/Merida/Ven/03(a),,,A,
AM180030,55.6%,FMDV-O,"Foot-and-mouth disease virus - type O partial gene for polyprotein, VP1 region, isolate SMartin00",VP1.gb,639,9 KB,2000-12-15,Argentina,SMartin00,,,O,
KX002194,53.7%,FMDV-A,"Foot-and-mouth disease virus - type A isolate A/38950_For_Pat polyprotein gene, partial cds",VP1.gb,6999,17 KB,2000-12-31,Argentina,A/38950_For_Pat,,,A,A/Arg/01
KX002195,53.8%,FMDV-A,"Foot-and-mouth disease virus - type A isolate A/39064_SL_Ped polyprotein gene, partial cds",VP1.gb,6999,17 KB,2001-02-10,Argentina,A/39064_SL_Ped,,,A,A/Arg/01
KX002196,53.8%,FMDV-A,"Foot-and-mouth disease virus - type A isolate A/39111_Cor_Gpaz polyprotein gene, partial cds",VP1.gb,6999,17 KB,2001-02-18,Argentina,A/39111_Cor_Gpaz,,,A,A/Arg/01
HQ695739,55.2%,FMDV-O,"Foot-and-mouth disease virus - type O isolate O/Potosi/Bol/01 VP1 gene, partial cds",VP1.gb,633,8 KB,2001-02-19,Bolivia,O/Potosi/Bol/01,,,O,
KX002204,53.8%,FMDV-A,"Foot-and-mouth disease virus - type A isolate A/AGLopez01 polyprotein gene, partial cds",VP1.gb,6999,17 KB,2001-03-07,Argentina,A/AGLopez01,,,A,A/Arg/01
KX002203,53.9%,FMDV-A,"Foot-and-mouth disease virus - type A isolate A/AAreco01 polyprotein gene, partial cds",VP1.gb,6999,17 KB,2001-03-13,Argentina,A/AAreco01,,,A,A/Arg/01
JQ082907,55.6%,FMDV-A,"Foot-and-mouth disease virus - type A isolate A/Rivadavia/BsAs/Arg/01 VP1 gene, partial cds",VP1.gb,639,8 KB,2001-03-15,Argentina,A/Rivadavia/BsAs/Arg/01,,,A,
JQ082908,54.9%,FMDV-A,"Foot-and-mouth disease virus - type A isolate A/Chapaleufu/LaPampa/Arg/01 VP1 gene, partial cds",VP1.gb,639,8 KB,2001-03-15,Argentina,A/Chapaleufu/LaPampa/Arg/01,,,A,
JQ082909,55.2%,FMDV-A,"Foot-and-mouth disease virus - type A isolate A/T.Lauquen/BsAs/Arg/01 VP1 gene, partial cds",VP1.gb,639,8 KB,2001-03-15,Argentina,A/T.Lauquen/BsAs/Arg/01,,,A,
AM180007,55.1%,FMDV-A,"Foot-and-mouth disease virus - type A partial gene for polyprotein, VP1 region, isolate Lobos01",VP1.gb,639,9 KB,2001-03-15,Argentina,Lobos01,,,A,
AM180000,55.6%,FMDV-A,"Foot-and-mouth disease virus - type A partial gene for polyprotein, VP1 region, isolate Rivadavia01",VP1.gb,639,9 KB,2001-03-15,Argentina,Rivadavia01,,,A,
AM180005,55.4%,FMDV-A,"Foot-and-mouth disease virus - type A partial gene for polyprotein, VP1 region, isolate SAAreco01",VP1.gb,639,9 KB,2001-03-15,Argentina,SAAreco01,,,A,
AM180008,55.1%,FMDV-A,"Foot-and-mouth disease virus - type A partial gene for polyprotein, VP1 region, isolate TLauquen301",VP1.gb,639,9 KB,2001-03-15,Argentina,TLauquen301,,,A,
AM180002,55.0%,FMDV-A,"Foot-and-mouth disease virus - type A partial gene for polyprotein, VP1 region, isolate Union01",VP1.gb,639,9 KB,2001-03-15,Argentina,Union01,,,A,
AM180006,55.1%,FMDV-A,"Foot-and-mouth disease virus - type A partial gene for polyprotein, VP1 region, isolate Atreuco01",VP1.gb,639,9 KB,2001-03-15,Argentina,Atreuco01,,,A,
AM180001,54.9%,FMDV-A,"Foot-and-mouth disease virus - type A partial gene for polyprotein, VP1 region, isolate Chapaleufu01",VP1.gb,639,9 KB,2001-03-15,Argentina,Chapaleufu01,,,A,
AM180003,55.7%,FMDV-A,"Foot-and-mouth disease virus - type A partial gene for polyprotein, VP1 region, isolate Dupuy01",VP1.gb,639,9 KB,2001-03-15,Argentina,Dupuy01,,,A,
AM180004,55.3%,FMDV-A,"Foot-and-mouth disease virus - type A partial gene for polyprotein, VP1 region, isolate GLopez01",VP1.gb,639,9 KB,2001-03-15,Argentina,GLopez01,,,A,
KX002178,54.0%,FMDV-A,"Foot-and-mouth disease virus - type A isolate A/129_LPam_Capital polyprotein gene, partial cds",VP1.gb,6999,17 KB,2001-03-21,Argentina,A/129_LPam_Capital,,,A,A/Arg/01
KX002205,53.7%,FMDV-A,"Foot-and-mouth disease virus - type A isolate A/ATLauquen01 polyprotein gene, partial cds",VP1.gb,6999,17 KB,2001-03-27,Argentina,A/ATLauquen01,,,A,A/Arg/01
KX002193,54.0%,FMDV-A,"Foot-and-mouth disease virus - type A isolate A/258_ER_Diamante polyprotein gene, partial cds",VP1.gb,6999,17 KB,2001-03-29,Argentina,A/258_ER_Diamante,,,A,A/Arg/01
AM180009,55.3%,FMDV-A,"Foot-and-mouth disease virus - type A partial gene for polyprotein, VP1 region, isolate Chivilcoy01",VP1.gb,639,9 KB,2001-04-15,Argentina,Chivilcoy01,,,A,
AM180014,55.1%,FMDV-A,"Foot-and-mouth disease virus - type A partial gene for polyprotein, VP1 region, isolate CSuarez01",VP1.gb,639,9 KB,2001-04-15,Argentina,CSuarez01,,,A,
AM180010,55.0%,FMDV-A,"Foot-and-mouth disease virus - type A partial gene for polyprotein, VP1 region, isolate Diareaux401",VP1.gb,639,9 KB,2001-04-15,Argentina,Diareaux401,,,A,
AM180012,55.2%,FMDV-A,"Foot-and-mouth disease virus - type A partial gene for polyprotein, VP1 region, isolate TLauquen401A",VP1.gb,638,9 KB,2001-04-15,Argentina,TLauquen401A,,,A,
AM180013,55.2%,FMDV-A,"Foot-and-mouth disease virus - type A partial gene for polyprotein, VP1 region, isolate TLauquen401B",VP1.gb,639,9 KB,2001-04-15,Argentina,TLauquen401B,,,A,
AM180015,55.5%,FMDV-A,"Foot-and-mouth disease virus - type A partial gene for polyprotein, VP1 region, isolate 3Lomas01",VP1.gb,639,9 KB,2001-04-15,Argentina,3Lomas01,,,A,
AM180011,55.5%,FMDV-A,"Foot-and-mouth disease virus - type A partial gene for polyprotein, VP1 region, isolate Diamante01",VP1.gb,639,9 KB,2001-04-15,Argentina,Diamante01,,,A,
AM180016,55.3%,FMDV-A,"Foot-and-mouth disease virus - type A partial gene for polyprotein, VP1 region, isolate Guatreche01",VP1.gb,639,9 KB,2001-04-15,Argentina,Guatreche01,,,A,
JQ082910,55.0%,FMDV-A,"Foot-and-mouth disease virus - type A isolate A/Treita_y_Tres/Uru/01 VP1 gene, partial cds",VP1.gb,639,8 KB,2001-04-15,Uruguay,A/Treita_y_Tres/Uru/01,,,A,
JQ082911,55.6%,FMDV-A,"Foot-and-mouth disease virus - type A isolate A/Colonia/Uru/01 VP1 gene, partial cds",VP1.gb,639,8 KB,2001-04-15,Uruguay,A/Colonia/Uru/01,,,A,
KX002198,53.8%,FMDV-A,"Foot-and-mouth disease virus - type A isolate A/467_SFe_Irio polyprotein gene, partial cds",VP1.gb,6999,17 KB,2001-04-20,Argentina,A/467_SFe_Irio,,,A,A/Arg/01
HQ695740,55.3%,FMDV-O,"Foot-and-mouth disease virus - type O isolate O/Tarija/Bol/01(a) VP1 gene, partial cds",VP1.gb,633,8 KB,2001-05-05,Bolivia,O/Tarija/Bol/01(a),,,O,
JQ082916,56.0%,FMDV-A,"Foot-and-mouth disease virus - type A isolate A/Sta.Cruz/Bol/01(a) VP1 gene, partial cds",VP1.gb,636,8 KB,2001-05-07,Bolivia,A/Sta.Cruz/Bol/01(a),,,A,
JQ082917,56.0%,FMDV-A,"Foot-and-mouth disease virus - type A isolate A/Sta.Cruz/Bol/01(b) VP1 gene, partial cds",VP1.gb,636,8 KB,2001-05-10,Bolivia,A/Sta.Cruz/Bol/01(b),,,A,
KX002200,53.9%,FMDV-A,"Foot-and-mouth disease virus - type A isolate A/820_Cor_Groca polyprotein gene, partial cds",VP1.gb,6999,17 KB,2001-05-12,Argentina,A/820_Cor_Groca,,,A,A/Arg/01
KX002201,53.8%,FMDV-A,"Foot-and-mouth disease virus - type A isolate A/915_SEst_Riv polyprotein gene, partial cds",VP1.gb,6999,17 KB,2001-05-15,Argentina,A/915_SEst_Riv,,,A,A/Arg/01
KX002202,53.8%,FMDV-A,"Foot-and-mouth disease virus - type A isolate A/973_SL_Pede polyprotein gene, partial cds",VP1.gb,6999,17 KB,2001-05-15,Argentina,A/973_SL_Pede,,,A,A/Arg/01
AM180019,54.8%,FMDV-A,"Foot-and-mouth disease virus - type A partial gene for polyprotein, VP1 region, isolate Daireaux501",VP1.gb,639,9 KB,2001-05-15,Argentina,Daireaux501,,,A,
AM180017,55.2%,FMDV-A,"Foot-and-mouth disease virus - type A partial gene for polyprotein, VP1 region, isolate JuninI01",VP1.gb,639,9 KB,2001-05-15,Argentina,JuninI01,,,A,
AM180018,55.2%,FMDV-A,"Foot-and-mouth disease virus - type A partial gene for polyprotein, VP1 region, isolate JuninII01",VP1.gb,639,9 KB,2001-05-15,Argentina,JuninII01,,,A,
JQ082912,55.2%,FMDV-A,"Foot-and-mouth disease virus - type A isolate A/S.doLivramento/RS/Bra/01(a) VP1 gene, partial cds",VP1.gb,639,8 KB,2001-05-15,Brazil,A/S.doLivramento/RS/Bra/01(a),,,A,
JQ082913,55.4%,FMDV-A,"Foot-and-mouth disease virus - type A isolate A/S.doLivramento/RS/Bra/01(b) VP1 gene, partial cds",VP1.gb,639,8 KB,2001-05-15,Brazil,A/S.doLivramento/RS/Bra/01(b),,,A,
JQ082914,55.2%,FMDV-A,"Foot-and-mouth disease virus - type A isolate A/S.doLivramento/RS/Bra/01(c) VP1 gene, partial cds",VP1.gb,639,8 KB,2001-05-15,Brazil,A/S.doLivramento/RS/Bra/01(c),,,A,
KX002176,53.8%,FMDV-A,"Foot-and-mouth disease virus - type A isolate A/1155_BsAs_MCh polyprotein gene, partial cds",VP1.gb,6999,17 KB,2001-05-25,Argentina,A/1155_BsAs_MCh,,,A,A/Arg/01
KX002177,53.9%,FMDV-A,"Foot-and-mouth disease virus - type A isolate A/1185_ER_Par polyprotein-like gene, partial sequence",VP1.gb,6995,14 KB,2001-05-28,Argentina,A/1185_ER_Par,,,A,A/Arg/01
KX002180,53.8%,FMDV-A,"Foot-and-mouth disease virus - type A isolate A/1300_BS_As_Gguido polyprotein gene, partial cds",VP1.gb,6999,17 KB,2001-06-03,Argentina,A/1300_BS_As_Gguido,,,A,A/Arg/01
JQ082918,55.8%,FMDV-A,"Foot-and-mouth disease virus - type A isolate A/Cochabamba/Bol/01 VP1 gene, partial cds",VP1.gb,636,8 KB,2001-06-07,Bolivia,A/Cochabamba/Bol/01,,,A,
JN005916,55.2%,FMDV-O,"Foot-and-mouth disease virus - type O isolate O/Bolivar/Ecu/10 (44-10) VP1 gene, partial cds",VP1.gb,630,9 KB,2001-06-08,Ecuador,O/Bolivar/Ecu/10 (44-10),,,O,
JQ082932,57.2%,FMDV-A,"Foot-and-mouth disease virus - type A isolate A/Tachira/Ven/01 VP1 gene, partial cds",VP1.gb,636,8 KB,2001-06-13,Venezuela,A/Tachira/Ven/01,,,A,
AM180020,55.2%,FMDV-A,"Foot-and-mouth disease virus - type A partial gene for polyprotein, VP1 region, isolate 9Julio01",VP1.gb,638,9 KB,2001-06-15,Argentina,9Julio01,,,A,
AM180021,54.9%,FMDV-A,"Foot-and-mouth disease virus - type A partial gene for polyprotein, VP1 region, isolate GAlvear01",VP1.gb,638,9 KB,2001-06-15,Argentina,GAlvear01,,,A,
KX002181,53.9%,FMDV-A,"Foot-and-mouth disease virus - type A isolate A/1441_BsAs_Lflores polyprotein gene, partial cds",VP1.gb,6999,17 KB,2001-06-16,Argentina,A/1441_BsAs_Lflores,,,A,A/Arg/01
KX002182,53.8%,FMDV-A,"Foot-and-mouth disease virus - type A isolate A/1452_longMCH polyprotein gene, partial cds",VP1.gb,6999,17 KB,2001-06-17,Argentina,A/1452_longMCH,,,A,A/Arg/01
KX002183,53.8%,FMDV-A,"Foot-and-mouth disease virus - type A isolate A/1514_LPam_HU polyprotein gene, partial cds",VP1.gb,6999,17 KB,2001-06-17,Argentina,A/1514_LPam_HU,,,A,A/Arg/01
HQ695741,55.3%,FMDV-O,"Foot-and-mouth disease virus - type O isolate O/Beni/Bol/01 VP1 gene, partial cds",VP1.gb,633,8 KB,2001-07-01,Bolivia,O/Beni/Bol/01,,,O,
KX002184,53.7%,FMDV-A,"Foot-and-mouth disease virus - type A isolate A/1893_longMCH polyprotein gene, partial cds",VP1.gb,6999,17 KB,2001-07-10,Argentina,A/1893_longMCH,,,A,A/Arg/01
DQ834709,55.1%,FMDV-O,"Foot-and-mouth disease virus - type O isolate O/Tarija/Bol/01 VP1 (1D) gene, partial cds",VP1.gb,639,9 KB,2001-07-15,Bolivia,O/Tarija/Bol/01,,,O,
AY593802,53.8%,FMDV-A,"Foot-and-mouth disease virus A isolate A uruguay 2001 iso98, complete genome",VP1.gb,8201,18 KB,2001-07-15,Uruguay,A uruguay 2001 iso98,,,A,A Uruguay 2001
AY593783,53.9%,FMDV-A,"Foot-and-mouth disease virus A isolate aarg2001 iso93, complete genome",VP1.gb,8196,18 KB,2001-07-15,Argentina,aarg2001 iso93,,,A,Aarg2001
AY593784,53.9%,FMDV-A,"Foot-and-mouth disease virus A isolate aargp55 iso99, complete genome",VP1.gb,8196,18 KB,2001-07-15,Argentina,aargp55 iso99,,,A,Aarg2001
AY593785,53.9%,FMDV-A,"Foot-and-mouth disease virus A isolate aargp64 iso100, complete genome",VP1.gb,8196,18 KB,2001-07-15,Argentina,aargp64 iso100,,,A,Aarg2001
AY593786,53.7%,FMDV-A,"Foot-and-mouth disease virus A isolate aarg Trenquelauquen iso103, complete genome",VP1.gb,8209,18 KB,2001-07-15,Argentina,aarg Trenquelauquen iso103,,,A,Aarg2001
AY593790,53.8%,FMDV-A,"Foot-and-mouth disease virus A isolate a general lopez iso102, complete genome",VP1.gb,8195,18 KB,2001-07-15,Argentina,a general lopez iso102,,,A,Aarg2001
KX002186,53.9%,FMDV-A,"Foot-and-mouth disease virus - type A isolate A/2027_Cor_Col polyprotein gene, partial cds",VP1.gb,6999,17 KB,2001-07-20,Argentina,A/2027_Cor_Col,,,A,A/Arg/01
JQ082919,56.3%,FMDV-A,"Foot-and-mouth disease virus - type A isolate A/Oruro/Bol/01 VP1 gene, partial cds",VP1.gb,636,8 KB,2001-07-23,Bolivia,A/Oruro/Bol/01,,,A,
KX002185,53.8%,FMDV-A,"Foot-and-mouth disease virus - type A isolate A/2026_Tuc_Tuc polyprotein gene, partial cds",VP1.gb,6999,17 KB,2001-08-07,Argentina,A/2026_Tuc_Tuc,,,A,A/Arg/01
JQ082920,55.5%,FMDV-A,"Foot-and-mouth disease virus - type A isolate A/Potosi/Bol/01 VP1 gene, partial cds",VP1.gb,636,8 KB,2001-08-07,Bolivia,A/Potosi/Bol/01,,,A,
KX002189,53.7%,FMDV-A,"Foot-and-mouth disease virus - type A isolate A/2071_LPam_Chali polyprotein gene, partial cds",VP1.gb,6999,17 KB,2001-08-08,Argentina,A/2071_LPam_Chali,,,A,A/Arg/01
KX002188,53.9%,FMDV-A,"Foot-and-mouth disease virus - type A isolate A/2063_Cor_Ccuat polyprotein gene, partial cds",VP1.gb,6999,17 KB,2001-08-15,Argentina,A/2063_Cor_Ccuat,,,A,A/Arg/01
KX002187,53.7%,FMDV-A,"Foot-and-mouth disease virus - type A isolate A/2059_BsAs_Hirig polyprotein gene, partial cds",VP1.gb,6999,17 KB,2001-08-21,Argentina,A/2059_BsAs_Hirig,,,A,A/Arg/01
KX002191,53.7%,FMDV-A,"Foot-and-mouth disease virus - type A isolate A/2107_BsAs_Merced polyprotein gene, partial cds",VP1.gb,6999,17 KB,2001-10-11,Argentina,A/2107_BsAs_Merced,,,A,A/Arg/01
AM180022,55.5%,FMDV-A,"Foot-and-mouth disease virus - type A partial gene for polyprotein, VP1 region, isolate Mercedes01",VP1.gb,639,9 KB,2001-10-15,Argentina,Mercedes01,,,A,
KX002192,53.8%,FMDV-A,"Foot-and-mouth disease virus - type A isolate A/2118_LPam_Lmahu polyprotein gene, partial cds",VP1.gb,6999,17 KB,2001-11-15,Argentina,A/2118_LPam_Lmahu,,,A,A/Arg/01
JQ082933,56.5%,FMDV-A,"Foot-and-mouth disease virus - type A isolate A/Bolivar/Ven/01 VP1 gene, partial cds",VP1.gb,639,8 KB,2001-12-15,Venezuela,A/Bolivar/Ven/01,,,A,
AM180024,55.2%,FMDV-A,"Foot-and-mouth disease virus - type A partial gene for polyprotein, VP1 region, isolate RCuarto02",VP1.gb,639,9 KB,2002-01-15,Argentina,RCuarto02,,,A,
JQ082921,55.8%,FMDV-A,"Foot-and-mouth disease virus - type A isolate A/Beni/Bol/02 VP1 gene, partial cds",VP1.gb,636,8 KB,2002-03-30,Bolivia,A/Beni/Bol/02,,,A,
HQ695742,55.4%,FMDV-O,"Foot-and-mouth disease virus - type O isolate O/La Paz/Bol/02(a) VP1 gene, partial cds",VP1.gb,633,8 KB,2002-04-07,Bolivia,O/La Paz/Bol/02(a),,,O,
HQ695743,55.5%,FMDV-O,"Foot-and-mouth disease virus - type O isolate O/La Paz/Bol/02(b) VP1 gene, partial cds",VP1.gb,633,8 KB,2002-04-12,Bolivia,O/La Paz/Bol/02(b),,,O,
JQ082929,55.1%,FMDV-A,"Foot-and-mouth disease virus - type A isolate A/Ecuador/02 VP1 gene, partial cds",VP1.gb,639,8 KB,2002-06-15,Ecuador,A/Ecuador/02,,,A,
HQ695783,57.2%,FMDV-O,"Foot-and-mouth disease virus - type O isolate O/Esmeraldas/Ecu/02 (003-02) VP1 gene, partial cds",VP1.gb,633,8 KB,2002-06-15,Ecuador,O/Esmeraldas/Ecu/02 (003-02),,,O,
HQ695784,55.5%,FMDV-O,"Foot-and-mouth disease virus - type O isolate O/Pichincha/Ecu/02 (027-02) VP1 gene, partial cds",VP1.gb,633,8 KB,2002-06-15,Ecuador,O/Pichincha/Ecu/02 (027-02),,,O,
HQ695785,54.3%,FMDV-O,"Foot-and-mouth disease virus - type O isolate O/Pichincha/Ecu/02 (071-02) VP1 gene, partial cds",VP1.gb,633,8 KB,2002-06-15,Ecuador,O/Pichincha/Ecu/02 (071-02),,,O,
HQ695780,55.8%,FMDV-O,"Foot-and-mouth disease virus - type O isolate O/Narino/Col/02 VP1 gene, partial cds",VP1.gb,633,8 KB,2002-07-15,Colombia,O/Narino/Col/02,,,O,
KJ831728,54.5%,FMDV-O,"Foot-and-mouth disease virus - type O isolate PAR/1/2002 capsid protein gene, partial cds",VP1.gb,2202,10 KB,2002-07-15,Paraguay,PAR/1/2002,,,O,
KJ831729,54.5%,FMDV-O,"Foot-and-mouth disease virus - type O isolate PAR/2/2002 capsid protein gene, partial cds",VP1.gb,2202,10 KB,2002-07-15,Paraguay,PAR/2/2002,,,O,
DQ834710,54.6%,FMDV-O,"Foot-and-mouth disease virus - type O isolate O/Canindeyu/Par/02 VP1 (1D) gene, partial cds",VP1.gb,639,9 KB,2002-07-15,Paraguay,O/Canindeyu/Par/02,,,O,
JQ082934,57.1%,FMDV-A,"Foot-and-mouth disease virus - type A isolate A/Merida/Ven/02 VP1 gene, partial cds",VP1.gb,636,8 KB,2002-11-28,Venezuela,A/Merida/Ven/02,,,A,
HQ695792,55.1%,FMDV-O,"Foot-and-mouth disease virus - type O isolate O/Loja/Ecu/03 (027-03) VP1 gene, partial cds",VP1.gb,633,8 KB,2003-01-12,Ecuador,O/Loja/Ecu/03 (027-03),,,O,
HQ695786,54.3%,FMDV-O,"Foot-and-mouth disease virus - type O isolate O/Napo/Ecu/03 (005-03) VP1 gene, partial cds",VP1.gb,633,8 KB,2003-01-27,Ecuador,O/Napo/Ecu/03 (005-03),,,O,
HQ695793,54.0%,FMDV-O,"Foot-and-mouth disease virus - type O isolate O/Sucumbios/Ecu/03 (028-03) VP1 gene, partial cds",VP1.gb,633,8 KB,2003-02-12,Ecuador,O/Sucumbios/Ecu/03 (028-03),,,O,
JQ082935,56.5%,FMDV-A,"Foot-and-mouth disease virus - type A isolate A/Bolivar/Ven/03 VP1 gene, partial cds",VP1.gb,639,8 KB,2003-05-14,Venezuela,A/Bolivar/Ven/03,,,A,
HQ695787,54.2%,FMDV-O,"Foot-and-mouth disease virus - type O isolate O/Napo/Ecu/03 (009-03) VP1 gene, partial cds",VP1.gb,633,8 KB,2003-06-02,Ecuador,O/Napo/Ecu/03 (009-03),,,O,
HQ695790,54.2%,FMDV-O,"Foot-and-mouth disease virus - type O isolate O/Sucumbios/Ecu/03 (020-03) VP1 gene, partial cds",VP1.gb,633,8 KB,2003-06-11,Ecuador,O/Sucumbios/Ecu/03 (020-03),,,O,
JQ082936,56.0%,FMDV-A,"Foot-and-mouth disease virus - type A isolate A/Barinas/Ven/03 VP1 gene, partial cds",VP1.gb,639,8 KB,2003-07-03,Venezuela,A/Barinas/Ven/03,,,A,
HQ695745,56.9%,FMDV-O,"Foot-and-mouth disease virus - type O isolate O/Potosi/Bol/03(a) VP1 gene, partial cds",VP1.gb,633,8 KB,2003-07-13,Bolivia,O/Potosi/Bol/03(a),,,O,
DQ834712,56.8%,FMDV-O,"Foot-and-mouth disease virus - type O isolate O/Chuquisaca/Bol/03 VP1 (1D) gene, partial cds",VP1.gb,639,9 KB,2003-07-15,Bolivia,O/Chuquisaca/Bol/03,,,O,
DQ834713,56.8%,FMDV-O,"Foot-and-mouth disease virus - type O isolate O/Potosi/Bol/03 VP1 (1D) gene, partial cds",VP1.gb,639,9 KB,2003-07-15,Bolivia,O/Potosi/Bol/03,,,O,
DQ834711,56.3%,FMDV-O,"Foot-and-mouth disease virus - type O isolate O/Pozo Hondo/Par/03 VP1 (1D) gene, partial cds",VP1.gb,639,9 KB,2003-07-15,Paraguay,O/Pozo Hondo/Par/03,,,O,
HQ695788,54.0%,FMDV-O,"Foot-and-mouth disease virus - type O isolate O/Sucumbios/Ecu/03 (016-03) VP1 gene, partial cds",VP1.gb,633,8 KB,2003-07-30,Ecuador,O/Sucumbios/Ecu/03 (016-03),,,O,
HQ695794,54.0%,FMDV-O,"Foot-and-mouth disease virus - type O isolate O/Sucumbios/Ecu/03 (029-03) VP1 gene, partial cds",VP1.gb,633,8 KB,2003-08-12,Ecuador,O/Sucumbios/Ecu/03 (029-03),,,O,
HQ695845,53.1%,FMDV-O,"Foot-and-mouth disease virus - type O isolate O/Yaracuy/Ven/03(21081) VP1 gene, partial cds",VP1.gb,633,8 KB,2003-09-01,Venezuela,O/Yaracuy/Ven/03(21081),,,O,
HQ695789,54.0%,FMDV-O,"Foot-and-mouth disease virus - type O isolate O/Sucumbios/Ecu/03 (019-03) VP1 gene, partial cds",VP1.gb,633,8 KB,2003-09-24,Ecuador,O/Sucumbios/Ecu/03 (019-03),,,O,
HQ695791,55.1%,FMDV-O,"Foot-and-mouth disease virus - type O isolate O/Loja/Ecu/03 (025-03) VP1 gene, partial cds",VP1.gb,633,8 KB,2003-11-20,Ecuador,O/Loja/Ecu/03 (025-03),,,O,
JQ082938,54.9%,FMDV-A,"Foot-and-mouth disease virus - type A isolate A/Merida/Ven/03(b) VP1 gene, partial cds",VP1.gb,639,8 KB,2003-12-12,Venezuela,A/Merida/Ven/03(b),,,A,
JQ082939,56.8%,FMDV-A,"Foot-and-mouth disease virus - type A isolate A/Tachira/Ven/04(a) VP1 gene, partial cds",VP1.gb,639,8 KB,2004-01-23,Venezuela,A/Tachira/Ven/04(a),,,A,
HQ695795,53.9%,FMDV-O,"Foot-and-mouth disease virus - type O isolate O/Sucumbios/Ecu/04 (002-04) VP1 gene, partial cds",VP1.gb,633,8 KB,2004-01-27,Ecuador,O/Sucumbios/Ecu/04 (002-04),,,O,
JQ082940,56.8%,FMDV-A,"Foot-and-mouth disease virus - type A isolate A/Tachira/Ven/04(b) VP1 gene, partial cds",VP1.gb,639,8 KB,2004-02-11,Venezuela,A/Tachira/Ven/04(b),,,A,
JQ082941,56.7%,FMDV-A,"Foot-and-mouth disease virus - type A isolate A/Barinas/Ven/04(a) VP1 gene, partial cds",VP1.gb,639,8 KB,2004-03-10,Venezuela,A/Barinas/Ven/04(a),,,A,
JQ082942,56.5%,FMDV-A,"Foot-and-mouth disease virus - type A isolate A/Tachira/Ven/04(c) VP1 gene, partial cds",VP1.gb,639,8 KB,2004-04-01,Venezuela,A/Tachira/Ven/04(c),,,A,
HQ695846,54.0%,FMDV-O,"Foot-and-mouth disease virus - type O isolate O/Merida/Ven/04(21237) VP1 gene, partial cds",VP1.gb,633,8 KB,2004-05-03,Venezuela,O/Merida/Ven/04(21237),,,O,
JQ082943,57.1%,FMDV-A,"Foot-and-mouth disease virus - type A isolate A/Merida/Ven/04 VP1 gene, partial cds",VP1.gb,639,8 KB,2004-05-19,Venezuela,A/Merida/Ven/04,,,A,
HQ695796,55.1%,FMDV-O,"Foot-and-mouth disease virus - type O isolate O/Cotopaxi/Ecu/04 (034-04) VP1 gene, partial cds",VP1.gb,633,8 KB,2004-06-22,Ecuador,O/Cotopaxi/Ecu/04 (034-04),,,O,
HQ695797,55.0%,FMDV-O,"Foot-and-mouth disease virus - type O isolate O/Tsachila/Ecu/04 (035-04) VP1 gene, partial cds",VP1.gb,633,8 KB,2004-06-24,Ecuador,O/Tsachila/Ecu/04 (035-04),,,O,
HQ695798,55.1%,FMDV-O,"Foot-and-mouth disease virus - type O isolate O/Imbabura/Ecu/04 (038-04) VP1 gene, partial cds",VP1.gb,633,8 KB,2004-06-30,Ecuador,O/Imbabura/Ecu/04 (038-04),,,O,
HQ695801,55.0%,FMDV-O,"Foot-and-mouth disease virus - type O isolate O/Carchi/Ecu/04 (041-04) VP1 gene, partial cds",VP1.gb,633,8 KB,2004-07-01,Ecuador,O/Carchi/Ecu/04 (041-04),,,O,
HQ695800,55.1%,FMDV-O,"Foot-and-mouth disease virus - type O isolate O/Cotopaxi/Ecu/04 (040-04) VP1 gene, partial cds",VP1.gb,633,8 KB,2004-07-02,Ecuador,O/Cotopaxi/Ecu/04 (040-04),,,O,
HQ695799,54.8%,FMDV-O,"Foot-and-mouth disease virus - type O isolate O/Tsachila/Ecu/04 (039-04) VP1 gene, partial cds",VP1.gb,633,8 KB,2004-07-03,Ecuador,O/Tsachila/Ecu/04 (039-04),,,O,
HQ695802,55.0%,FMDV-O,"Foot-and-mouth disease virus - type O isolate O/Carchi/Ecu/04 (042-04) VP1 gene, partial cds",VP1.gb,633,8 KB,2004-07-04,Ecuador,O/Carchi/Ecu/04 (042-04),,,O,
HQ695803,55.1%,FMDV-O,"Foot-and-mouth disease virus - type O isolate O/Bolivar/Ecu/04 (043-04) VP1 gene, partial cds",VP1.gb,633,8 KB,2004-07-05,Ecuador,O/Bolivar/Ecu/04 (043-04),,,O,
HQ695804,55.0%,FMDV-O,"Foot-and-mouth disease virus - type O isolate O/Tsachila/Ecu/04 (045-04) VP1 gene, partial cds",VP1.gb,633,8 KB,2004-07-07,Ecuador,O/Tsachila/Ecu/04 (045-04),,,O,
HQ695805,55.1%,FMDV-O,"Foot-and-mouth disease virus - type O isolate O/Cotopaxi/Ecu/04 (048-04) VP1 gene, partial cds",VP1.gb,633,8 KB,2004-07-07,Ecuador,O/Cotopaxi/Ecu/04 (048-04),,,O,
JQ082944,55.7%,FMDV-A,"Foot-and-mouth disease virus - type A isolate A/Yaracuy/Ven/04 VP1 gene, partial cds",VP1.gb,639,8 KB,2004-07-12,Venezuela,A/Yaracuy/Ven/04,,,A,
HQ695807,55.3%,FMDV-O,"Foot-and-mouth disease virus - type O isolate O/Guayas/Ecu/04 (057-04) VP1 gene, partial cds",VP1.gb,633,8 KB,2004-07-13,Ecuador,O/Guayas/Ecu/04 (057-04),,,O,
JQ082922,57.4%,FMDV-A,"Foot-and-mouth disease virus - type A isolate A/Tibu/N. de Santander/Col/04 VP1 gene, partial cds",VP1.gb,636,8 KB,2004-07-15,Colombia,A/Tibu/N. de Santander/Col/04,,,A,
HQ695810,55.0%,FMDV-O,"Foot-and-mouth disease virus - type O isolate O/Pichincha/Ecu/04 (070-04) VP1 gene, partial cds",VP1.gb,633,8 KB,2004-07-15,Ecuador,O/Pichincha/Ecu/04 (070-04),,,O,
HQ695808,54.8%,FMDV-O,"Foot-and-mouth disease virus - type O isolate O/Pichincha/Ecu/04 (064-04) VP1 gene, partial cds",VP1.gb,633,8 KB,2004-07-16,Ecuador,O/Pichincha/Ecu/04 (064-04),,,O,
HQ695809,55.0%,FMDV-O,"Foot-and-mouth disease virus - type O isolate O/Cotopaxi/Ecu/04 (067-04) VP1 gene, partial cds",VP1.gb,633,8 KB,2004-07-20,Ecuador,O/Cotopaxi/Ecu/04 (067-04),,,O,
HQ695811,54.7%,FMDV-O,"Foot-and-mouth disease virus - type O isolate O/Los Rios/Ecu/04 (071-04) VP1 gene, partial cds",VP1.gb,633,8 KB,2004-07-25,Ecuador,O/Los Rios/Ecu/04 (071-04),,,O,
HQ695812,55.1%,FMDV-O,"Foot-and-mouth disease virus - type O isolate O/Carchi/Ecu/04 (072-04) VP1 gene, partial cds",VP1.gb,633,8 KB,2004-07-26,Ecuador,O/Carchi/Ecu/04 (072-04),,,O,
HQ695813,55.0%,FMDV-O,"Foot-and-mouth disease virus - type O isolate O/Los Rios/Ecu/04 (074-04) VP1 gene, partial cds",VP1.gb,633,8 KB,2004-07-31,Ecuador,O/Los Rios/Ecu/04 (074-04),,,O,
JQ082945,57.3%,FMDV-A,"Foot-and-mouth disease virus - type A isolate A/Falcon/Ven/04 VP1 gene, partial cds",VP1.gb,639,8 KB,2004-08-13,Venezuela,A/Falcon/Ven/04,,,A,
JQ082946,56.3%,FMDV-A,"Foot-and-mouth disease virus - type A isolate A/Barinas/Ven/04(b) VP1 gene, partial cds",VP1.gb,639,8 KB,2004-08-26,Venezuela,A/Barinas/Ven/04(b),,,A,
HQ695814,55.0%,FMDV-O,"Foot-and-mouth disease virus - type O isolate O/Esmeraldas/Ecu/04 (097-04) VP1 gene, partial cds",VP1.gb,633,8 KB,2004-09-16,Ecuador,O/Esmeraldas/Ecu/04 (097-04),,,O,
HQ695815,55.0%,FMDV-O,"Foot-and-mouth disease virus - type O isolate O/Cotopaxi/Ecu/04 (099-04) VP1 gene, partial cds",VP1.gb,633,8 KB,2004-09-17,Ecuador,O/Cotopaxi/Ecu/04 (099-04),,,O,
HQ695816,55.0%,FMDV-O,"Foot-and-mouth disease virus - type O isolate O/Imbabura/Ecu/04 (101-04) VP1 gene, partial cds",VP1.gb,633,8 KB,2004-09-20,Ecuador,O/Imbabura/Ecu/04 (101-04),,,O,
JQ082947,56.7%,FMDV-A,"Foot-and-mouth disease virus - type A isolate A/Tachira/Ven/04(d) VP1 gene, partial cds",VP1.gb,639,8 KB,2004-09-24,Venezuela,A/Tachira/Ven/04(d),,,A,
HQ695817,55.5%,FMDV-O,"Foot-and-mouth disease virus - type O isolate O/Tsachila/Ecu/04 (106-04) VP1 gene, partial cds",VP1.gb,633,8 KB,2004-10-14,Ecuador,O/Tsachila/Ecu/04 (106-04),,,O,
JQ082948,56.5%,FMDV-A,"Foot-and-mouth disease virus - type A isolate A/Apure/Ven/04 VP1 gene, partial cds",VP1.gb,639,8 KB,2004-11-18,Venezuela,A/Apure/Ven/04,,,A,
HQ695818,54.8%,FMDV-O,"Foot-and-mouth disease virus - type O isolate O/Pichincha/Ecu/05 (01-05) VP1 gene, partial cds",VP1.gb,633,8 KB,2005-01-05,Ecuador,O/Pichincha/Ecu/05 (01-05),,,O,
JQ082949,57.7%,FMDV-A,"Foot-and-mouth disease virus - type A isolate A/Apure/Ven/05 VP1 gene, partial cds",VP1.gb,639,8 KB,2005-02-03,Venezuela,A/Apure/Ven/05,,,A,
HQ695819,54.8%,FMDV-O,"Foot-and-mouth disease virus - type O isolate O/Esmeraldas/Ecu/05 (08-05) VP1 gene, partial cds",VP1.gb,633,8 KB,2005-03-23,Ecuador,O/Esmeraldas/Ecu/05 (08-05),,,O,
HQ695820,55.6%,FMDV-O,"Foot-and-mouth disease virus - type O isolate O/Esmeraldas/Ecu/05 (10-05) VP1 gene, partial cds",VP1.gb,633,8 KB,2005-04-01,Ecuador,O/Esmeraldas/Ecu/05 (10-05),,,O,
JQ082950,56.6%,FMDV-A,"Foot-and-mouth disease virus - type A isolate A/Merida/Ven/05(a) VP1 gene, partial cds",VP1.gb,639,8 KB,2005-04-06,Venezuela,A/Merida/Ven/05(a),,,A,
HQ695823,55.8%,FMDV-O,"Foot-and-mouth disease virus - type O isolate O/El Oro/Ecu/05 (16-05) VP1 gene, partial cds",VP1.gb,633,8 KB,2005-04-15,Ecuador,O/El Oro/Ecu/05 (16-05),,,O,
JQ082951,55.2%,FMDV-A,"Foot-and-mouth disease virus - type A isolate A/Merida/Ven/05(b) VP1 gene, partial cds",VP1.gb,639,8 KB,2005-04-20,Venezuela,A/Merida/Ven/05(b),,,A,
HQ695821,55.6%,FMDV-O,"Foot-and-mouth disease virus - type O isolate O/El Oro/Ecu/05 (12-05) VP1 gene, partial cds",VP1.gb,633,8 KB,2005-04-21,Ecuador,O/El Oro/Ecu/05 (12-05),,,O,
HQ695822,55.5%,FMDV-O,"Foot-and-mouth disease virus - type O isolate O/Guayas/Ecu/05 (13-05) VP1 gene, partial cds",VP1.gb,633,8 KB,2005-04-24,Ecuador,O/Guayas/Ecu/05 (13-05),,,O,
JQ082952,55.1%,FMDV-A,"Foot-and-mouth disease virus - type A isolate A/Merida/Ven/05(c) VP1 gene, partial cds",VP1.gb,639,8 KB,2005-04-29,Venezuela,A/Merida/Ven/05(c),,,A,
HQ695847,54.3%,FMDV-O,"Foot-and-mouth disease virus - type O isolate O/Trujillo/Ven/05(21378) VP1 gene, partial cds",VP1.gb,633,8 KB,2005-05-12,Venezuela,O/Trujillo/Ven/05(21378),,,O,
HQ695825,55.1%,FMDV-O,"Foot-and-mouth disease virus - type O isolate O/Imbabura/Ecu/05 (23-05) VP1 gene, partial cds",VP1.gb,633,8 KB,2005-05-15,Ecuador,O/Imbabura/Ecu/05 (23-05),,,O,
HQ695824,53.6%,FMDV-O,"Foot-and-mouth disease virus - type O isolate O/Manabi/Ecu/05 (20-05) VP1 gene, partial cds",VP1.gb,633,8 KB,2005-05-19,Ecuador,O/Manabi/Ecu/05 (20-05),,,O,
HQ695826,53.7%,FMDV-O,"Foot-and-mouth disease virus - type O isolate O/Manabi/Ecu/05 (24-05) VP1 gene, partial cds",VP1.gb,633,8 KB,2005-05-25,Ecuador,O/Manabi/Ecu/05 (24-05),,,O,
HQ695848,54.5%,FMDV-O,"Foot-and-mouth disease virus - type O isolate O/Zulia/Ven/05(21386) VP1 gene, partial cds",VP1.gb,633,8 KB,2005-06-10,Ecuador,O/Zulia/Ven/05(21386),,,O,
HQ695827,55.5%,FMDV-O,"Foot-and-mouth disease virus - type O isolate O/El Oro/Ecu/05 (28-05) VP1 gene, partial cds",VP1.gb,633,8 KB,2005-06-11,Ecuador,O/El Oro/Ecu/05 (28-05),,,O,
HQ695828,53.7%,FMDV-O,"Foot-and-mouth disease virus - type O isolate O/Manabi/Ecu/05 (31-05) VP1 gene, partial cds",VP1.gb,633,8 KB,2005-06-19,Ecuador,O/Manabi/Ecu/05 (31-05),,,O,
HQ695830,53.9%,FMDV-O,"Foot-and-mouth disease virus - type O isolate O/Manabi/Ecu/05 (33-05) VP1 gene, partial cds",VP1.gb,633,8 KB,2005-06-21,Ecuador,O/Manabi/Ecu/05 (33-05),,,O,
HQ695831,55.6%,FMDV-O,"Foot-and-mouth disease virus - type O isolate O/Manabi/Ecu/05 (35-05) VP1 gene, partial cds",VP1.gb,633,8 KB,2005-06-22,Ecuador,O/Manabi/Ecu/05 (35-05),,,O,
HQ695832,55.1%,FMDV-O,"Foot-and-mouth disease virus - type O isolate O/Esmeraldas/Ecu/05 (37-05) VP1 gene, partial cds",VP1.gb,633,8 KB,2005-06-23,Ecuador,O/Esmeraldas/Ecu/05 (37-05),,,O,
HQ695833,53.9%,FMDV-O,"Foot-and-mouth disease virus - type O isolate O/Manabi/Ecu/05 (40-05) VP1 gene, partial cds",VP1.gb,633,8 KB,2005-06-29,Ecuador,O/Manabi/Ecu/05 (40-05),,,O,
HQ695834,53.9%,FMDV-O,"Foot-and-mouth disease virus - type O isolate O/Manabi/Ecu/05 (44-05) VP1 gene, partial cds",VP1.gb,633,8 KB,2005-07-14,Ecuador,O/Manabi/Ecu/05 (44-05),,,O,
HQ695835,53.7%,FMDV-O,"Foot-and-mouth disease virus - type O isolate O/Manabi/Ecu/05 (52-05) VP1 gene, partial cds",VP1.gb,633,8 KB,2005-07-15,Ecuador,O/Manabi/Ecu/05 (52-05),,,O,
DQ834714,54.6%,FMDV-O,"Foot-and-mouth disease virus - type O isolate O/MS(1a)/Bra/05 VP1 (1D) gene, partial cds",VP1.gb,639,9 KB,2005-07-15,Brazil,O/MS(1a)/Bra/05,,,O,
DQ834715,54.6%,FMDV-O,"Foot-and-mouth disease virus - type O isolate O/MS(1b)/Bra/05 VP1 (1D) gene, partial cds",VP1.gb,639,9 KB,2005-07-15,Brazil,O/MS(1b)/Bra/05,,,O,
DQ834716,54.5%,FMDV-O,"Foot-and-mouth disease virus - type O isolate O/MS(1c)/Bra/05 VP1 (1D) gene, partial cds",VP1.gb,639,9 KB,2005-07-15,Brazil,O/MS(1c)/Bra/05,,,O,
DQ834717,54.6%,FMDV-O,"Foot-and-mouth disease virus - type O isolate O/MS(1d)/Bra/05 VP1 (1D) gene, partial cds",VP1.gb,639,9 KB,2005-07-15,Brazil,O/MS(1d)/Bra/05,,,O,
DQ834718,54.2%,FMDV-O,"Foot-and-mouth disease virus - type O isolate O/MS(1e)/Bra/05 VP1 (1D) gene, partial cds",VP1.gb,639,9 KB,2005-07-15,Brazil,O/MS(1e)/Bra/05,,,O,
DQ834719,54.6%,FMDV-O,"Foot-and-mouth disease virus - type O isolate O/MS(1f)/Bra/05 VP1 (1D) gene, partial cds",VP1.gb,639,9 KB,2005-07-15,Brazil,O/MS(1f)/Bra/05,,,O,
DQ834720,55.0%,FMDV-O,"Foot-and-mouth disease virus - type O isolate O/MS(1g)/Bra/05 VP1 (1D) gene, partial cds",VP1.gb,639,9 KB,2005-07-15,Brazil,O/MS(1g)/Bra/05,,,O,
DQ834721,54.6%,FMDV-O,"Foot-and-mouth disease virus - type O isolate O/MS(1h)/Bra/05 VP1 (1D) gene, partial cds",VP1.gb,639,9 KB,2005-07-15,Brazil,O/MS(1h)/Bra/05,,,O,
DQ834722,54.6%,FMDV-O,"Foot-and-mouth disease virus - type O isolate O/MS(1i)/Bra/05 VP1 (1D) gene, partial cds",VP1.gb,639,9 KB,2005-07-15,Brazil,O/MS(1i)/Bra/05,,,O,
DQ834723,54.6%,FMDV-O,"Foot-and-mouth disease virus - type O isolate O/MS(1j)/Bra/05 VP1 (1D) gene, partial cds",VP1.gb,639,9 KB,2005-07-15,Brazil,O/MS(1j)/Bra/05,,,O,
DQ834724,54.8%,FMDV-O,"Foot-and-mouth disease virus - type O isolate O/MS(2)/Bra/05 VP1 (1D) gene, partial cds",VP1.gb,639,9 KB,2005-07-15,Brazil,O/MS(2)/Bra/05,,,O,
DQ834725,54.6%,FMDV-O,"Foot-and-mouth disease virus - type O isolate O/MS(3)/Bra/05 VP1 (1D) gene, partial cds",VP1.gb,639,9 KB,2005-07-15,Brazil,O/MS(3)/Bra/05,,,O,
DQ834726,54.8%,FMDV-O,"Foot-and-mouth disease virus - type O isolate O/MS(4)/Bra/05 VP1 (1D) gene, partial cds",VP1.gb,639,9 KB,2005-07-15,Brazil,O/MS(4)/Bra/05,,,O,
HQ695829,53.7%,FMDV-O,"Foot-and-mouth disease virus - type O isolate O/Manabi/Ecu/05 (32-05) VP1 gene, partial cds",VP1.gb,633,8 KB,2005-08-23,Ecuador,O/Manabi/Ecu/05 (32-05),,,O,
HQ695836,53.7%,FMDV-O,"Foot-and-mouth disease virus - type O isolate O/Manabi/Ecu/05 (54-05) VP1 gene, partial cds",VP1.gb,633,8 KB,2005-08-23,Ecuador,O/Manabi/Ecu/05 (54-05),,,O,
HQ695837,55.6%,FMDV-O,"Foot-and-mouth disease virus - type O isolate O/Pichincha/Ecu/06 (03-06) VP1 gene, partial cds",VP1.gb,633,8 KB,2006-03-06,Ecuador,O/Pichincha/Ecu/06 (03-06),,,O,
HQ695838,55.5%,FMDV-O,"Foot-and-mouth disease virus - type O isolate O/Pichincha/Ecu/06 (04-06) VP1 gene, partial cds",VP1.gb,633,8 KB,2006-03-06,Ecuador,O/Pichincha/Ecu/06 (04-06),,,O,
JQ082953,56.8%,FMDV-A,"Foot-and-mouth disease virus - type A isolate A/Apure/Ven/06 VP1 gene, partial cds",VP1.gb,639,8 KB,2006-06-13,Venezuela,A/Apure/Ven/06,,,A,
DQ834727,56.8%,FMDV-O,"Foot-and-mouth disease virus - type O isolate O/Corrientes/Arg/06 VP1 (1D) gene, partial cds",VP1.gb,639,9 KB,2006-07-15,Argentina,O/Corrientes/Arg/06,,,O,
HQ695849,55.0%,FMDV-O,"Foot-and-mouth disease virus - type O isolate O/Trujillo/Ven/06(21522) VP1 gene, partial cds",VP1.gb,633,8 KB,2006-11-21,Venezuela,O/Trujillo/Ven/06(21522),,,O,
HQ695839,54.2%,FMDV-O,"Foot-and-mouth disease virus - type O isolate O/Tsachila/Ecu/06 (17-06) VP1 gene, partial cds",VP1.gb,633,8 KB,2006-11-24,Ecuador,O/Tsachila/Ecu/06 (17-06),,,O,
HQ695746,54.3%,FMDV-O,"Foot-and-mouth disease virus - type O isolate O/Santa_Cruz/Bol/07 VP1 gene, partial cds",VP1.gb,633,8 KB,2007-01-23,Bolivia,O/Santa_Cruz/Bol/07,,,O,
JQ082954,55.1%,FMDV-A,"Foot-and-mouth disease virus - type A isolate A/Portuguesa/Ven/07 VP1 gene, partial cds",VP1.gb,639,8 KB,2007-01-30,Venezuela,A/Portuguesa/Ven/07,,,A,
HQ695850,54.8%,FMDV-O,"Foot-and-mouth disease virus - type O isolate O/Trujillo/Ven/07(21555) VP1 gene, partial cds",VP1.gb,633,8 KB,2007-03-19,Venezuela,O/Trujillo/Ven/07(21555),,,O,
HQ695840,55.8%,FMDV-O,"Foot-and-mouth disease virus - type O isolate O/Imbabura/Ecu/07 (13-07) VP1 gene, partial cds",VP1.gb,633,8 KB,2007-04-30,Ecuador,O/Imbabura/Ecu/07 (13-07),,,O,
HQ695841,55.9%,FMDV-O,"Foot-and-mouth disease virus - type O isolate O/Pichincha/Ecu/07(s.n) VP1 gene, partial cds",VP1.gb,633,8 KB,2007-07-15,Ecuador,O/Pichincha/Ecu/07(s.n),,,O,
HQ695781,55.5%,FMDV-O,"Foot-and-mouth disease virus - type O isolate O/Cucuta/N.de Santander/Col/08(a) VP1 gene, partial cds",VP1.gb,633,8 KB,2008-04-01,Colombia,O/Cucuta/N.de Santander/Col/08(a),,,O,
HQ695782,55.6%,FMDV-O,"Foot-and-mouth disease virus - type O isolate O/Cucuta/N.de Santander/Col/08(b) VP1 gene, partial cds",VP1.gb,633,8 KB,2008-04-01,Colombia,O/Cucuta/N.de Santander/Col/08(b),,,O,
HQ695842,55.5%,FMDV-O,"Foot-and-mouth disease virus - type O isolate O/Esmeraldas/Ecu/08 (11-08) VP1 gene, partial cds",VP1.gb,633,8 KB,2008-05-16,Ecuador,O/Esmeraldas/Ecu/08 (11-08),,,O,
HQ695843,55.1%,FMDV-O,"Foot-and-mouth disease virus - type O isolate O/Los Rios/Ecu/08 (14-08) VP1 gene, partial cds",VP1.gb,633,8 KB,2008-05-31,Ecuador,O/Los Rios/Ecu/08 (14-08),,,O,
JQ082923,57.3%,FMDV-A,"Foot-and-mouth disease virus - type A isolate A/N.de Santander/Col/08(a) VP1 gene, partial cds",VP1.gb,639,8 KB,2008-06-06,Colombia,A/N.de Santander/Col/08(a),,,A,
JQ082924,57.1%,FMDV-A,"Foot-and-mouth disease virus - type A isolate A/N.de Santander/Col/08(b) VP1 gene, partial cds",VP1.gb,639,8 KB,2008-06-06,Colombia,A/N.de Santander/Col/08(b),,,A,
JQ082925,57.1%,FMDV-A,"Foot-and-mouth disease virus - type A isolate A/N.de Santander/Col/08(c) VP1 gene, partial cds",VP1.gb,639,8 KB,2008-06-06,Colombia,A/N.de Santander/Col/08(c),,,A,
JQ082926,57.3%,FMDV-A,"Foot-and-mouth disease virus - type A isolate A/N.de Santander/Col/08(d) VP1 gene, partial cds",VP1.gb,639,8 KB,2008-06-06,Colombia,A/N.de Santander/Col/08(d),,,A,
JQ082927,57.1%,FMDV-A,"Foot-and-mouth disease virus - type A isolate A/N.de Santander/Col/08(e) VP1 gene, partial cds",VP1.gb,639,8 KB,2008-06-06,Colombia,A/N.de Santander/Col/08(e),,,A,
JQ082928,57.3%,FMDV-A,"Foot-and-mouth disease virus - type A isolate A/N.de Santander/Col/08(f) VP1 gene, partial cds",VP1.gb,639,8 KB,2008-06-06,Colombia,A/N.de Santander/Col/08(f),,,A,
HQ695844,55.3%,FMDV-O,"Foot-and-mouth disease virus - type O isolate O/Lima/Peru/04 VP1 gene, partial cds",VP1.gb,633,8 KB,2008-06-18,Peru,O/Lima/Peru/04,,,O,
JN005890,55.0%,FMDV-O,"Foot-and-mouth disease virus - type O isolate O/Los Rios/Ecu/09(12-09) VP1 gene, partial cds",VP1.gb,633,9 KB,2009-03-04,Ecuador,O/Los Rios/Ecu/09(12-09),,,O,
JN005891,55.5%,FMDV-O,"Foot-and-mouth disease virus - type O isolate O/Esmeraldas/Ecu/09 (16-09) VP1 gene, partial cds",VP1.gb,633,9 KB,2009-04-27,Ecuador,O/Esmeraldas/Ecu/09 (16-09),,,O,
JN005894,55.6%,FMDV-O,"Foot-and-mouth disease virus - type O isolate O/Pichincha/Ecu/09 (65-09) VP1 gene, partial cds",VP1.gb,630,9 KB,2009-06-04,Ecuador,O/Pichincha/Ecu/09 (65-09),,,O,
JN005895,55.7%,FMDV-O,"Foot-and-mouth disease virus - type O isolate O/Carchi/Ecu/09 (76-09) VP1 gene, partial cds",VP1.gb,630,9 KB,2009-06-05,Ecuador,O/Carchi/Ecu/09 (76-09),,,O,
JN005899,55.7%,FMDV-O,"Foot-and-mouth disease virus - type O isolate O/Guayas/Ecu/09 (86-09) VP1 gene, partial cds",VP1.gb,630,9 KB,2009-06-05,Ecuador,O/Guayas/Ecu/09 (86-09),,,O,
JN005896,55.7%,FMDV-O,"Foot-and-mouth disease virus - type O isolate O/Tsachila/Ecu/09 (78-09) VP1 gene, partial cds",VP1.gb,630,9 KB,2009-06-06,Ecuador,O/Tsachila/Ecu/09 (78-09),,,O,
JN005897,55.6%,FMDV-O,"Foot-and-mouth disease virus - type O isolate O/Napo/Ecu/09 (83-09) VP1 gene, partial cds",VP1.gb,630,9 KB,2009-06-06,Ecuador,O/Napo/Ecu/09 (83-09),,,O,
JN005898,55.4%,FMDV-O,"Foot-and-mouth disease virus - type O isolate O/Pichincha/Ecu/09 (85-09) VP1 gene, partial cds",VP1.gb,630,9 KB,2009-06-09,Ecuador,O/Pichincha/Ecu/09 (85-09),,,O,
JN005900,55.9%,FMDV-O,"Foot-and-mouth disease virus - type O isolate O/Tungurahua/Ecu/09 (89-09) VP1 gene, partial cds",VP1.gb,630,9 KB,2009-06-10,Ecuador,O/Tungurahua/Ecu/09 (89-09),,,O,
JN005901,55.7%,FMDV-O,"Foot-and-mouth disease virus - type O isolate O/Pichincha/Ecu/09 (109-09) VP1 gene, partial cds",VP1.gb,630,9 KB,2009-06-15,Ecuador,O/Pichincha/Ecu/09 (109-09),,,O,
JN005902,55.7%,FMDV-O,"Foot-and-mouth disease virus - type O isolate O/Cotopaxi/Ecu/09 (126-09) VP1 gene, partial cds",VP1.gb,630,9 KB,2009-06-18,Ecuador,O/Cotopaxi/Ecu/09 (126-09),,,O,
JN005893,55.7%,FMDV-O,"Foot-and-mouth disease virus - type O isolate O/Tsachila/Ecu/09 (50-09) VP1 gene, partial cds",VP1.gb,630,9 KB,2009-06-24,Ecuador,O/Tsachila/Ecu/09 (50-09),,,O,
JN005892,55.7%,FMDV-O,"Foot-and-mouth disease virus - type O isolate O/Napo/Ecu/09 (39-09) VP1 gene, partial cds",VP1.gb,630,9 KB,2009-06-25,Ecuador,O/Napo/Ecu/09 (39-09),,,O,
JN005903,55.6%,FMDV-O,"Foot-and-mouth disease virus - type O isolate O/Pichincha/Ecu/09 (145-09) VP1 gene, partial cds",VP1.gb,630,9 KB,2009-06-26,Ecuador,O/Pichincha/Ecu/09 (145-09),,,O,
JN005904,55.7%,FMDV-O,"Foot-and-mouth disease virus - type O isolate O/Chimborazo/Ecu/09 (148-09) VP1 gene, partial cds",VP1.gb,630,9 KB,2009-06-26,Ecuador,O/Chimborazo/Ecu/09 (148-09),,,O,
JN005905,55.7%,FMDV-O,"Foot-and-mouth disease virus - type O isolate O/Manabi/Ecu/09 (153-09) VP1 gene, partial cds",VP1.gb,630,9 KB,2009-06-30,Ecuador,O/Manabi/Ecu/09 (153-09),,,O,
JN005906,55.4%,FMDV-O,"Foot-and-mouth disease virus - type O isolate O/Imbabura/Ecu/09 (169-09) VP1 gene, partial cds",VP1.gb,630,9 KB,2009-07-06,Ecuador,O/Imbabura/Ecu/09 (169-09),,,O,
JN005907,55.6%,FMDV-O,"Foot-and-mouth disease virus - type O isolate O/Pichincha/Ecu/09 (178-09) VP1 gene, partial cds",VP1.gb,630,9 KB,2009-07-14,Ecuador,O/Pichincha/Ecu/09 (178-09),,,O,
JN005908,55.6%,FMDV-O,"Foot-and-mouth disease virus - type O isolate O/Bolivar/Ecu/09 (188-09) VP1 gene, partial cds",VP1.gb,630,9 KB,2009-07-31,Ecuador,O/Bolivar/Ecu/09 (188-09),,,O,
JN005909,56.3%,FMDV-O,"Foot-and-mouth disease virus - type O isolate O/Tsachila/Ecu/10 (10-10) VP1 gene, partial cds",VP1.gb,630,9 KB,2010-03-27,Ecuador,O/Tsachila/Ecu/10 (10-10),,,O,
JN005910,55.4%,FMDV-O,"Foot-and-mouth disease virus - type O isolate O/Pichincha/Ecu/10 (15-10) VP1 gene, partial cds",VP1.gb,630,9 KB,2010-04-29,Ecuador,O/Pichincha/Ecu/10 (15-10),,,O,
JN005911,55.2%,FMDV-O,"Foot-and-mouth disease virus - type O isolate O/Los Rios/Ecu/10 (21-10) VP1 gene, partial cds",VP1.gb,630,9 KB,2010-05-27,Ecuador,O/Los Rios/Ecu/10 (21-10),,,O,
JN005912,55.1%,FMDV-O,"Foot-and-mouth disease virus - type O isolate O/Tsachila/Ecu/10 (23-10) VP1 gene, partial cds",VP1.gb,630,9 KB,2010-05-30,Ecuador,O/Tsachila/Ecu/10 (23-10),,,O,
JN005913,55.6%,FMDV-O,"Foot-and-mouth disease virus - type O isolate O/Sucumbios/Ecu/10 (28-10) VP1 gene, partial cds",VP1.gb,630,9 KB,2010-05-31,Ecuador,O/Sucumbios/Ecu/10 (28-10),,,O,
JN005917,55.2%,FMDV-O,"Foot-and-mouth disease virus - type O isolate O/Napo/Ecu/10 (46-10) VP1 gene, partial cds",VP1.gb,630,9 KB,2010-06-01,Ecuador,O/Napo/Ecu/10 (46-10),,,O,
JN005914,55.2%,FMDV-O,"Foot-and-mouth disease virus - type O isolate O/Cotopaxi/Ecu/10 (32-10) VP1 gene, partial cds",VP1.gb,630,9 KB,2010-06-03,Ecuador,O/Cotopaxi/Ecu/10 (32-10),,,O,
JN005915,55.2%,FMDV-O,"Foot-and-mouth disease virus - type O isolate O/Imbabura/Ecu/10 (34-10) VP1 gene, partial cds",VP1.gb,630,9 KB,2010-06-03,Ecuador,O/Imbabura/Ecu/10 (34-10),,,O,
KX353623,53.7%,FMDV-O,"Foot-and-mouth disease virus - type O strain O/Ecu 2010-350 polyprotein gene, partial cds",VP1.gb,7594,17 KB,2010-06-16,Ecuador,,vesicular epithelial tissue,,O,O/Ecu 2010-350
JN005918,55.2%,FMDV-O,"Foot-and-mouth disease virus - type O isolate O/Orellana/Ecu/10 (58-10) VP1 gene, partial cds",VP1.gb,630,9 KB,2010-06-17,Ecuador,O/Orellana/Ecu/10 (58-10),,,O,
KC519630,55.6%,FMDV-O,"Foot-and-mouth disease virus - type O isolate ECU/4/2010 polyprotein gene, partial cds",VP1.gb,2205,9 KB,2010-07-15,Ecuador,ECU/4/2010,,,O,
JX514427,55.9%,FMDV-O,"Foot-and-mouth disease virus - type O isolate O/San_Pedro/Par/11 VP1 gene, partial cds",VP1.gb,633,8 KB,2011-09-15,Paraguay,O/San_Pedro/Par/11,,,O,
KU234721,55.9%,FMDV-A,"Foot-and-mouth disease virus - type A isolate A/Barinas/Ven/13a VP1 gene, partial cds",VP1.gb,639,9 KB,2013-04-01,Venezuela,A/Barinas/Ven/13a,,,A,
AY593767,54.1%,FMDV-A,"Foot-and-mouth disease virus A isolate a24 argentina iso9, complete genome",VP1.gb,8195,18 KB,1965-07-15,Argentina,a24 argentina iso9,,,A,A24 Argentina
AY593769,53.9%,FMDV-A,"Foot-and-mouth disease virus A isolate a25 argentina iso38, complete genome",VP1.gb,8135,18 KB,1959-07-15,Argentina,a25 argentina iso38,,,A,A25 Argentina
AY593770,54.4%,FMDV-A,"Foot-and-mouth disease virus A isolate a26arg iso74, complete genome",VP1.gb,8115,17 KB,1966-07-15,Argentina,a26arg iso74,,,A,A26 Argentina
AY593789,53.9%,FMDV-A,"Foot-and-mouth disease virus A isolate acanefa iso48, complete genome",VP1.gb,8132,17 KB,1961-07-15,Argentina,acanefa iso48,,,A,A Canefa
AY593814,54.0%,FMDV-O,"Foot-and-mouth disease virus O isolate o1argentina iso5, complete genome",VP1.gb,8199,18 KB,1965-07-15,Argentina,o1argentina iso5,,,O,O1 Argentina
AY593818,53.9%,FMDV-O,"Foot-and-mouth disease virus O isolate o1campos iso96, complete genome",VP1.gb,8195,18 KB,1958-07-15,Brazil,o1campos iso96,,,O,O1 Campos
AY593820,53.9%,FMDV-O,"Foot-and-mouth disease virus O isolate o1canefa iso59, complete genome",VP1.gb,8195,18 KB,1964-07-15,Argentina,o1canefa iso59,,,O,O1 Canefa
AY593821,54.2%,FMDV-O,"Foot-and-mouth disease virus O isolate o1caseros iso35, complete genome",VP1.gb,8204,18 KB,1967-07-15,Argentina,o1caseros iso35,,,O,O1 Caseros
AJ251476,53.6%,FMDV-A,"Foot-and-mouth disease virus A gene for L, VP4, VP2, VP3, VP1, 2A, 2B coding polyprotein, strain A24/Cruzeiro/Brazil/55",VP1.gb,3579,15 KB,1955-07-15,Brazil,,,,,A24/Cruzeiro/Brazil/55
AY593757,53.7%,FMDV-A,"Foot-and-mouth disease virus A isolate a17 Aguarulbos iso83, complete genome",VP1.gb,8202,18 KB,1967-07-15,Brazil,a17 Aguarulbos iso83,,,A,A17 Aguarulbos
AY593768,53.8%,FMDV-A,"Foot-and-mouth disease virus A isolate a24cruzeiro iso71, complete genome",VP1.gb,8156,18 KB,1955-07-15,Brazil,a24cruzeiro iso71,,,A,A24 Cruzeiro
AY593787,53.9%,FMDV-A,"Foot-and-mouth disease virus A isolate abage iso63, complete genome",VP1.gb,8196,18 KB,1977-07-15,Brazil,abage iso63,,,A,A Bage
AY593788,53.6%,FMDV-A,"Foot-and-mouth disease virus A isolate abrazil iso67, complete genome",VP1.gb,8217,18 KB,1958-07-15,Brazil,abrazil iso67,,,A,A Brazil
AY593803,54.3%,FMDV-A,"Foot-and-mouth disease virus A isolate avenceslau iso70, complete genome",VP1.gb,8199,18 KB,1979-07-15,Brazil,avenceslau iso70,,,A,A Venceslau
AY593756,53.7%,FMDV-A,"Foot-and-mouth disease virus A isolate a16belem iso80, complete genome",VP1.gb,8114,17 KB,1959-07-15,Brazil,a16belem iso80,,,A,A16 Belem
AY593753,53.9%,FMDV-A,"Foot-and-mouth disease virus A isolate a13brazil iso75, complete genome",VP1.gb,8202,18 KB,1958-07-15,Brazil,a13brazil iso75,,,A,A13 Brazil
AY593771,53.3%,FMDV-A,"Foot-and-mouth disease virus A isolate a27columbia iso78, complete genome",VP1.gb,8200,18 KB,1967-07-15,Colombia,a27columbia iso78,,,A,A27 Colombia
AY593794,54.1%,FMDV-A,"Foot-and-mouth disease virus A isolate asabana iso68, complete genome",VP1.gb,8201,18 KB,1985-07-15,Colombia,asabana iso68,,,A,A Sabana
AY593773,53.4%,FMDV-A,"Foot-and-mouth disease virus A isolate a29peru iso37, complete genome",VP1.gb,8202,18 KB,1969-07-15,Peru,a29peru iso37,,,A,A29 Peru
AY593801,53.9%,FMDV-A,"Foot-and-mouth disease virus A isolate A30 Uruguay/68 iso90, complete genome",VP1.gb,8201,18 KB,1968-07-15,Uruguay,A30 Uruguay/68 iso90,,,A,A30 Uruguay
AY593837,53.9%,FMDV-O,"Foot-and-mouth disease virus O isolate ouruguay-51 iso51, complete genome",VP1.gb,8199,18 KB,1963-07-15,Uruguay,ouruguay-51 iso51,,,O,O Uruguay
AY593775,53.4%,FMDV-A,"Foot-and-mouth disease virus A isolate a32ven iso36, complete genome",VP1.gb,8211,18 KB,1970-07-15,Venezuela,a32ven iso36,,,A,A32 Venezuela
AY593827,53.5%,FMDV-O,"Foot-and-mouth disease virus O isolate o3venezuela iso15, complete genome",VP1.gb,8169,18 KB,1971-07-15,Venezuela,o3venezuela iso15,,,O,O3 Venezuela
AY593758,53.9%,FMDV-A,"Foot-and-mouth disease virus A isolate a18zulia iso40, complete genome",VP1.gb,8204,18 KB,1967-07-15,Venezuela,a18zulia iso40,,,A,A18 Zulia
